SMILES,TITLE,fragments,Hybrid2,site,covalent_distance_min,covalent_distance_mean,covalent_distance_stderr,number_of_overlapping_fragments,overlapping_fragments,overlap_score,volume
Cc1ccncc1N[C@@H]2[C@H](c3ccccc3CN2C(=O)CCl)c4ccccc4,MIH-UNI-e57-13,x0678,-12.839993,active-noncovalent,7.356541,8.13046,0.050617892,4,"x1093,x0678,x0967,x0434",0.14521388709545135,306.6007385253906
C=CC(=O)N1CC[NH+](CC1)Cc2cccc3c2[nH]cc3CCNC(=O)c4ccc[nH]4,JAN-GHE-641-1,x0104,-12.560509,active-noncovalent,4.6733513,6.1317296,0.10424952,0,,0.938739538192749,322.57952880859375
C=CC(=O)N1C[C@H]2C[NH+](C[C@H]2C1)Cc3cccc4c3[nH]cc4CCNC(=O)c5ccc[nH]5,JAN-GHE-641-4,x0104,-12.308494,active-noncovalent,6.594061,7.669121,0.091613255,0,,0.45455044507980347,344.0084228515625
C=CC(=O)N1CC(C1)[NH2+]Cc2cccc3c2[nH]cc3CCNC(=O)c4ccc[nH]4,JAN-GHE-641-2,x0104,-12.202948,active-noncovalent,9.114183,9.845038,0.05799323,1,x0104,0.46458369493484497,311.5458984375
C=CC(=O)NC1C[NH+](C1)Cc2cccc3c2[nH]cc3CCNC(=O)c4ccc[nH]4,JAN-GHE-641-3,x0104,-11.945398,active-noncovalent,4.974756,5.976314,0.09313012,1,x0104,0.36703649163246155,311.8202819824219
C=CC(=O)N1CC[NH+](CC1)Cc2cccc3c2[nH]cc3CCNC(=O)[C@@H]4CCC[NH2+]4,JAN-GHE-641-6,x0104,-11.574834,active-noncovalent,9.1846895,10.804774,0.10849969,1,x0104,0.36615461111068726,327.6182556152344
c1ccc(cc1)[C@H]2c3ccccc3CN([C@@H]2Cc4c[nH]c5c4cccn5)C(=O)CCl,MIH-UNI-e57-14,x0678,-11.087617,active-noncovalent,7.770339,8.368422,0.037536018,1,x1093,0.3434388339519501,321.9775390625
c1ccc2c(c1)cccc2C[N@H+]3CCN([C@@H](C3)Cc4cccnc4)C(=O)CCl,MIH-UNI-e57-3,x0107,-11.060534,active-noncovalent,7.810507,8.389954,0.02167577,0,,0.7954795360565186,310.160888671875
CC(=O)NCCc1c[nH]c2c1cc(cc2C[NH+]3CCN(CC3)C(=O)CCl)OC,DAR-DIA-fb2-14,x0104,-10.935854,active-noncovalent,9.250131,10.5021,0.10211987,1,x0104,0.7531784772872925,311.0145568847656
c1ccc2c(c1)CN(C[C@@H]2c3ccccc3CC(=O)N)C(=O)CCl,MIH-UNI-e57-9,x0874,-10.770145,active-noncovalent,,,,5,"x1392,x0395,x0830,x0831,x0434",0.3330148458480835,263.8724670410156
c1ccc2c(c1)CN(C[C@@H]2c3ccccc3CC(=O)N)C(=O)CCl,NIR-THE-c33-5,x0874,-10.770145,active-noncovalent,,,,5,"x1392,x0395,x0830,x0831,x0434",0.5454639196395874,263.8724670410156
c1ccc2c(c1)cccc2C[N@H+]3CCN([C@@H](C3)c4cccnc4)C(=O)CCl,MIH-UNI-e57-2,x0107,-10.770021,active-noncovalent,6.432491,7.221934,0.049288943,0,,0.5808798670768738,297.3575439453125
c1cc(cc(c1)Cl)[C@@H](CCc2ccc(cc2)C(F)(F)F)[NH+]3CCN(CC3)C(=O)CCl,PAU-WEI-b9b-2,x0104,-10.621989,active-noncovalent,13.879403,14.980148,0.078480236,0,,0.6735252141952515,333.5461120605469
c1cc(cnc1)c2cn(c(=O)nc2NC(=O)CCl)Cc3ccsc3,NIM-UNI-7ba-4,x0678,-10.561682,active-noncovalent,3.7391043,4.4549394,0.030584423,8,"x1093,x0678,x0831,x0770,x0434,x0692,x0830,x0759",0.5327662825584412,265.8277587890625
c1ccc(cc1)CCNS(=O)(=O)C2(CCCCC2)CC(=O)Nc3cccnc3,MAK-UNK-b2c-6,x0678,-10.417187,active-noncovalent,4.44434,4.9380803,0.036216814,2,"x1093,x0678",0.7016283273696899,306.46795654296875
c1ccc(cc1)CCNS(=O)(=O)[C@@H](C2CCCCC2)C(=O)Nc3cccnc3,MAK-UNK-b2c-5,x0678,-10.141737,active-noncovalent,5.397036,5.983052,0.041748732,2,"x0678,x1093",0.6654441952705383,308.3540954589844
c1ccc2c(c1)cc(cc2[C@@H]3CN(Cc4c3cccc4)C(=O)CCl)Cl,DAR-DIA-cab-8,x0830,-10.113053,active-covalent,3.0051713,3.4561868,0.02633928,9,"x1392,x0830,x0831,x0692,x0770,x0759,x1386,x1418,x0708",0.9280439615249634,279.69268798828125
c1ccc2c(c1)cc(cc2[C@@H]3CN(Cc4c3cccc4)C(=O)CCl)F,DAR-DIA-cab-7,x0830,-10.024381,active-covalent,2.9538398,3.2915332,0.01140726,9,"x1392,x0830,x0831,x0692,x0770,x0759,x1386,x1418,x0708",0.5073410272598267,270.9397277832031
c1cc(cc(c1)[C@@H](CCc2ccc(cc2)C(F)(F)F)[NH+]3CCN(CC3)C(=O)CCl)C#N,PAU-WEI-b9b-5,x0104,-9.970257,active-noncovalent,13.0521,13.401071,0.04192732,0,,0.3407233953475952,336.68096923828125
c1ccc2c(c1)cc(cc2C[NH+]3CCN(CC3)C(=O)CCl)C#N,DAR-DIA-fb2-6,x0830,-9.822056,active-covalent,2.9081562,3.3022509,0.011270744,9,"x0830,x0831,x0692,x0770,x1386,x0759,x1418,x1392,x0708",0.6016520857810974,255.2503204345703
c1ccc2c(c1)CN(C[C@@H]2c3ccc4ccc(cc4c3)S(=O)(=O)N)C(=O)CCl,MIH-UNI-e57-12,x0072,-9.803926,active-noncovalent,,,,0,,0.41112300753593445,304.7400817871094
c1ccc2c(c1)cccc2C[N@H+]3CCN([C@@H](C3)c4c[nH]c5c4cccn5)C(=O)CCl,MIH-UNI-e57-1,x0678,-9.792763,active-noncovalent,7.344713,9.028299,0.13918985,0,,0.2995068430900574,322.9617614746094
c1ccc(c(c1)Cn2cc(c(nc2=O)NC(=O)CCl)c3cccnc3)Cl,NIM-UNI-7ba-3,x0678,-9.534260,active-noncovalent,9.903242,10.220423,0.030282833,3,"x0967,x1093,x0678",0.6948245167732239,283.820556640625
c1c2c([nH]c1[C@@H]3CCCN(C3)C(=O)CCl)CC[C@H](C2)C[NH3+],HAR-NEW-972-1,x0749,-9.532208,active-covalent,3.1159499,3.7007918,0.02552624,6,"x0749,x0770,x1392,x0759,x1418,x0692",0.8905020356178284,239.43601989746094
CC(=O)NCCc1c[nH]c2c1cc(cc2[C@@H]3CN(Cc4c3cccc4)C(=O)CCl)OC,DAR-DIA-cab-4,x0195,-9.449170,active-noncovalent,4.6251,5.55585,0.054094423,0,,0.20551526546478271,337.92169189453125
c1ccc2c(c1)cc(cc2C[NH+]3CCN(CC3)C(=O)CCl)Cl,DAR-DIA-fb2-8,x0830,-9.418757,active-covalent,3.0946422,3.4597452,0.012904233,9,"x0830,x0831,x0692,x0770,x1386,x1418,x0759,x0708,x1392",0.5077366828918457,252.78030395507812
Cc1cccc(c1)C[C@@H]2CCN([C@H](C2)C(=O)[O-])C(=O)CCl,MAK-UNK-af8-5,x0161,-9.341013,active-noncovalent,9.543821,9.931921,0.054185625,3,"x0104,x0161,x0195",0.32517388463020325,236.0940704345703
CCNc1ccc(c(c1)C#N)Nc2cc(cc(c2)C[NH+]3CCN(CC3)C(=O)CCl)C,MAK-UNK-af8-22,x0161,-9.223373,active-noncovalent,3.5770025,4.5315456,0.04935197,0,,0.251650333404541,336.1758117675781
Cc1ccccc1Cn2cc(c(nc2=O)NC(=O)CCl)c3cccnc3,NIM-UNI-7ba-2,x0678,-9.220601,active-noncovalent,10.04315,10.839292,0.04487164,3,"x0967,x1093,x0678",0.24835526943206787,279.6748046875
CC(=O)NCCC1=CCc2c1cc(cc2C[NH+]3CCN(CC3)C(=O)CCl)OC,DAR-DIA-fb2-13,x0104,-9.128935,active-noncovalent,5.195632,5.6099405,0.041765314,1,x0104,0.9809224605560303,313.7913513183594
c1cc(c(cc1O)C[N@H+]2CCN(C[C@H](C2)c3cc(ccc3O)O)C(=O)CCl)O,AVI-UNI-70b-2,x0107,-9.111778,active-noncovalent,,,,0,,0.3375774621963501,301.4538269042969
c1cc(cnc1)c2cn(c(=O)nc2NC(=O)CCl)Cc3ccc(s3)Br,NIM-UNI-7ba-5,x0678,-9.069537,active-noncovalent,8.949488,10.468983,0.072975956,4,"x0967,x1093,x0678,x0434",0.7163611054420471,286.1484680175781
COc1cc2ccccc2c(c1)[C@@H]3CN(Cc4c3cccc4)C(=O)CCl,DAR-DIA-cab-9,x0830,-9.046430,active-covalent,2.9798987,3.2371185,0.009519118,9,"x0830,x1392,x0831,x0770,x0692,x0759,x1386,x1418,x0708",1.0362224578857422,284.017333984375
c1ccc2c(c1)cc(cc2C[NH+]3CCN(CC3)C(=O)CCl)F,DAR-DIA-fb2-2,x0830,-8.993263,active-covalent,3.0667338,3.300364,0.021183696,10,"x0830,x0831,x0692,x0770,x1418,x1386,x1392,x0708,x0759,x0434",0.5378686189651489,242.78797912597656
c1ccc2c(c1)CN(C[C@@H]2c3cccc(c3)C#N)C(=O)CCl,NIR-THE-c33-2,x0195,-8.984533,active-noncovalent,6.919151,8.234862,0.100737326,2,"x0195,x0104",0.4675043225288391,243.1448974609375
c1ccc2c(c1)CN(C[C@@H]2c3cccc(c3)N)C(=O)CCl,NIR-THE-c33-1,x0195,-8.949076,active-noncovalent,,,,2,"x0104,x0195",0.3382800817489624,232.7448272705078
COc1cc2cc[nH]c2c(c1)[C@@H]3CN(Cc4c3cccc4)C(=O)CCl,DAR-DIA-cab-3,x0830,-8.943825,active-covalent,2.945269,3.4237068,0.025204115,9,"x0830,x1392,x0831,x0692,x0770,x0759,x1386,x1418,x0708",0.4125289022922516,271.7109375
Cc1cccc(c1)C[C@@H]2CCN([C@H](C2)C(=O)OC)C(=O)CCl,MAK-UNK-af8-9,x0161,-8.916635,active-noncovalent,11.940172,12.805505,0.07720122,2,"x0161,x0104",0.3597632944583893,250.36883544921875
c1ccc(cc1)[C@H]2CN(C[C@@H]3C2=CC=C3[C@@H]4CN(Cc5c4cccc5)C(=O)CCl)C(=O)CCl,JAR-IMP-ed4-2,x0072,-8.895629,active-noncovalent,4.654353,5.624523,0.05786421,0,,0.34138116240501404,366.797607421875
c1ccc2c(c1)CN(C[C@H]2c3cccc(c3)F)C(=O)CCl,DAR-DIA-cab-1,x0830,-8.894762,active-covalent,2.9455543,3.2338727,0.008034038,13,"x1392,x0830,x0831,x0692,x0770,x0759,x1386,x1418,x0708,x1385,x1334,x1412,x0395",0.5304034948348999,231.32582092285156
c1cc(cnc1)N[C@H]2[C@H](OCCN2C(=O)CCl)c3ccc(cc3)F,FOC-CAS-e3a-1,x0107,-8.865638,active-noncovalent,8.568565,9.558682,0.05354758,1,x0967,0.41084831953048706,260.099609375
CC(=O)NCCc1c[nH]c2c1cccc2CCC[C@H]3CN(CCN3C(=O)C)C(=O)CCl,HAN-NEW-5f5-4,x0104,-8.814908,active-noncovalent,5.513132,6.34136,0.061876573,1,x0104,0.7415247559547424,345.92437744140625
Cc1cccc(c1)[C@H]2CN(Cc3c2cccc3)C(=O)CCl,NIR-THE-c33-6,x0195,-8.814099,active-noncovalent,6.5796046,7.424308,0.06386774,2,"x0195,x0104",0.3229864835739136,236.68362426757812
c1ccc(cc1)[C@H]2CN(Cc3c2ccc(c3)O)C(=O)CCl,MIH-UNI-e57-10,x0678,-8.784090,active-noncovalent,3.3594432,4.493172,0.09201337,2,"x1093,x0678",0.18811777234077454,231.81381225585938
c1cncc2c1c(cc(c2)Cl)C[NH+]3CCN(CC3)C(=O)CCl,JOO-PER-58e-1,x0830,-8.757071,active-covalent,2.9611254,3.3492098,0.008314352,10,"x0830,x0434,x0831,x0692,x1093,x0770,x1392,x1418,x1386,x0708",0.5685645937919617,249.94754028320312
CC(=O)NCCc1c[nH]c2c1cc(cc2C[NH+]3CCN(CC3)C(=O)CCl)F,DAR-DIA-fb2-11,x0830,-8.730661,active-covalent,3.0169952,3.3553033,0.00983214,9,"x0830,x0831,x0692,x0770,x0759,x1386,x1418,x1392,x0708",0.6755678057670593,297.447265625
CC(=O)NCCc1c[nH]c2c1cc(cc2C[NH+]3CCN(CC3)C(=O)CCl)F,JOO-PER-d7a-1,x0830,-8.730661,active-covalent,2.8981667,3.325523,0.015343493,9,"x0830,x0831,x0692,x0770,x0759,x1386,x1418,x1392,x0708",0.49980875849723816,297.447265625
c1cc2cc(cc(c2c(c1)OCC[NH+]3CCOCC3)C[NH+]4CCN(CC4)C(=O)CCl)Cl,SEA-TRI-67e-1,x0830,-8.707362,active-covalent,3.4659412,4.219892,0.042806957,1,x0830,0.42498284578323364,348.42877197265625
c1ccc2c(c1)CN(CN2c3cccc(c3)C[NH3+])C(=O)CCl,MIH-UNI-e57-8,x0830,-8.688944,active-covalent,2.9612188,3.4416418,0.032897107,9,"x1392,x0830,x0831,x0692,x0759,x0770,x1418,x0708,x1386",0.6105327606201172,243.73440551757812
COc1cc2ccccc2c(c1)C[NH+]3CCN(CC3)C(=O)CCl,DAR-DIA-fb2-7,x0830,-8.680429,active-covalent,2.9751043,3.3644278,0.014684999,10,"x0830,x0831,x0692,x0770,x1386,x1418,x0759,x0708,x1392,x0434",0.47484734654426575,257.1766357421875
C[N@]1c2cc(ccc2CC[C@@H]1C(=O)N3CCN(CC3)C(=O)CCl)S(=O)(=O)N,HAR-NEW-e34-5,x0195,-8.626937,active-noncovalent,3.7512896,4.903752,0.071606316,5,"x0830,x0104,x0195,x0434,x1093",0.4838504493236542,296.6328430175781
C=CC(=O)N1CC[NH+](CC1)Cc2ccc(cc2)F,ANT-OPE-d97-1,x0831,-8.579416,active-covalent,5.436237,7.1347046,0.14070845,11,"x0830,x0831,x0692,x0770,x1418,x1386,x0759,x1392,x0708,x0434,x1093",0.7065716981887817,198.99012756347656
Cc1cccc(c1)CC2CCN(CC2)C(=O)CCl,MAK-UNK-af8-6,x0161,-8.573510,active-noncovalent,9.1350765,9.912313,0.071168326,4,"x0161,x0104,x0195,x0946",0.36188480257987976,210.72494506835938
C=CC(=O)N1CCC[N@H+](CC1)Cc2ccccc2,ANT-OPE-c0c-1,x0831,-8.552860,active-covalent,6.52152,7.005321,0.03277492,11,"x0830,x0831,x0692,x0770,x1386,x1418,x1392,x0759,x0708,x0434,x1093",0.4277338981628418,204.1466522216797
c1ccc2c(c1)CN(C[C@H]2[C@H]3CCCS3)C(=O)CCl,MIH-UNI-e57-11,x0678,-8.518147,active-noncovalent,3.1621935,3.7957697,0.033479303,5,"x0678,x1093,x0874,x0434,x1249",0.40053850412368774,223.53167724609375
CC(=O)NCCC1=CCc2c1cc(cc2C[NH+]3CCN(CC3)C(=O)CCl)F,DAR-DIA-fb2-10,x0830,-8.437851,active-covalent,3.3799126,4.54066,0.06179234,3,"x0830,x0831,x0692",0.5306054949760437,300.5845642089844
C[C@H](CCc1ccccc1)[NH+]2CCN(CC2)C(=O)CCl,MAK-UNK-af8-2,x0104,-8.429302,active-noncovalent,10.097626,10.857786,0.07661758,1,x0104,0.361930251121521,234.5308837890625
c1ccc2c(c1)nc(n2CCC(=O)Nc3cccnc3)[C@@H]4CCCN(C4)C(=O)CCl,PAU-UNI-b33-1,x0678,-8.426173,active-noncovalent,8.526108,9.804056,0.09036891,1,x1093,0.31046217679977417,326.5278625488281
C=CC(=O)N1CCC[C@H](C1)[N@@H+](CC2CCCCC2)C3CCC(CC3)O,WAR-XCH-72a-9,x1418,-8.417408,active-covalent,3.2755165,3.9563024,0.05429177,11,"x1392,x0831,x0770,x0830,x0692,x0759,x1418,x1386,x0708,x0774,x1412",1.0186400413513184,282.9532470703125
c1cc(c2c(c1)sc(n2)[C@@H]3CCCN(C3)C(=O)CCl)CCS(=O)(=O)N,SEA-TRI-f74-1,x0749,-8.382774,active-covalent,3.1467047,4.2100363,0.10123518,1,x0749,0.5908325910568237,285.5589904785156
Cc1cccc(c1)CC2C[C@H]3CC[C@@H](C2)N3C(=O)CCl,MAK-UNK-af8-8,x0072,-8.368351,active-noncovalent,8.485125,10.363577,0.14186022,1,x0072,0.18187302350997925,229.0879669189453
c1cc2ccc(cc2c(c1)C[NH+]3CCN(CC3)C(=O)CCl)S(=O)(=O)N,MIH-UNI-e57-4,x0830,-8.354447,active-covalent,3.0756335,3.769388,0.027254548,9,"x0830,x0692,x0831,x0770,x1392,x0759,x0708,x1418,x1386",0.4810008406639099,277.1727600097656
c1cc2c(c(c1)CS(=O)(=O)Nc3cc(cs3)C[NH+]4CCC(CC4)O)CN(CC2)C(=O)CCl,NIY-UNK-626-6,x0195,-8.347075,active-noncovalent,8.410488,8.980874,0.08445042,0,,0.30208295583724976,361.4549255371094
c1cc2c(cc1S(=O)(=O)N)cc(cc2C[NH+]3CCN(CC3)C(=O)CCl)F,DAR-DIA-fb2-12,x0195,-8.322442,active-noncovalent,4.8428373,6.1744742,0.09042779,7,"x0830,x0195,x0692,x0104,x0770,x0831,x1392",0.36544421315193176,288.7799377441406
C[C@H](C1=CC(=C[C@@H]2[C@H]1CC[NH2+]2)Cl)NC(=O)CCl,DAV-CRI-eab-4,x0831,-8.275120,active-covalent,3.0322764,3.6282809,0.030340716,10,"x0830,x0831,x0770,x0692,x0759,x1392,x1386,x1418,x0708,x1249",0.2644354999065399,201.58079528808594
C1C[C@H](CN(C1)C(=O)CCl)c2nc3c(s2)C[C@H](CC3)C[NH3+],HAR-NEW-972-2,x0749,-8.274970,active-covalent,3.0088375,3.5399427,0.019395346,1,x0749,0.4634648561477661,246.2152099609375
COc1cccc(c1)[C@@H]2CN(Cc3c2cccc3)C(=O)CCl,DAR-DIA-cab-2,x0830,-8.254995,active-covalent,3.0078201,3.6876483,0.076965734,10,"x1392,x0830,x0692,x0831,x0770,x1386,x1418,x0759,x0395,x0708",0.22314155101776123,245.3697509765625
CC(=O)NCCc1c[nH]c2c1cccc2[C@H](c3ccc(s3)Br)[NH+]4CCN(CC4)C(=O)CCl,PAU-WEI-f73-1,x0104,-8.244346,active-noncovalent,9.074199,9.783028,0.059112582,0,,0.4660083055496216,371.4584655761719
CC(=O)NCCc1c[nH]c2c1cccc2C[NH+]3CCN(CC3)C(=O)C=C,JAN-GHE-641-5,x0104,-8.227654,active-noncovalent,4.1351185,5.470249,0.046680428,1,x0104,0.4457617402076721,284.44903564453125
Cc1ccncc1N2C[C@@H](CN(C2=O)c3cc(cc(c3)F)C)NC(=O)C=C,AGN-NEW-63f-2,x0434,-8.184485,active-noncovalent,10.037237,10.538304,0.07365258,2,"x0434,x1093",0.4335625469684601,289.42449951171875
c1ccc(cc1)CC[C@H](c2cccc(c2)C#N)[NH+]3CCN(CC3)C(=O)CCl,PAU-WEI-b9b-4,x0104,-8.106890,active-noncovalent,14.0844345,14.939256,0.03837211,0,,0.6848630309104919,302.93084716796875
c1ccc(c(c1)N2CCN(CC2)C(=O)CCl)N3CCC[C@@H]3C(=O)N,DUN-NEW-f8c-3,x0072,-8.081551,active-noncovalent,,,,5,"x1392,x0830,x0072,x0831,x0692",0.36646419763565063,265.5938720703125
c1cc(ccc1[C@@H]2[C@@H](N(CCO2)C(=O)CCl)Nc3cnccn3)F,FOC-CAS-e3a-2,x0107,-8.065756,active-noncovalent,6.799977,7.318665,0.020504696,1,x0967,0.44736504554748535,256.7535095214844
CCOC(=O)[C@H]1C[C@@H](CCN1C(=O)CCl)Cc2cccc(c2)C,MAK-UNK-af8-7,x0104,-8.032699,active-noncovalent,4.2761216,5.0549054,0.065261215,2,"x0104,x0195",0.7138558030128479,262.83282470703125
Cc1ccncc1N(CCc2ccc(cc2NC(=O)CCl)C(=O)N3CCSCC3)C(=O)C,NIR-THE-ed2-1,x0107,-8.030373,active-noncovalent,8.910005,9.93354,0.07057653,0,,0.2989920973777771,361.1472473144531
CS(=O)(=O)NCc1cccc(c1)C2=C(N(Cc3c2cccc3)C(=O)CCl)C(=O)Nc4cccnc4,GER-FIO-88d-1,x0195,-8.016589,active-noncovalent,10.770989,11.988277,0.080781884,0,,0.7636825442314148,377.4587707519531
CCNc1c(cc(cn1)C#N)[C@H](c2ccc(s2)Br)[NH+]3CCN(CC3)C(=O)CCl,PAU-WEI-f73-3,x0830,-8.014444,active-covalent,3.0168977,3.6942713,0.039768703,1,x0830,0.3354502022266388,329.20391845703125
CC[NH2+][C@H]1C[C@H](C[C@H]([C@@H]1OC#N)O)c2cccc(c2)C[NH+]3CCN(CC3)C(=O)CCl,MAK-UNK-af8-21,x0161,-7.992857,active-noncovalent,,,,0,,0.45659583806991577,336.62347412109375
C[NH+]1CCN(CC1)CCOc2cccc3c2c(cc(c3)Cl)C[NH+]4CCN(CC4)C(=O)C=C,SEA-TRI-98d-1,x0830,-7.992652,active-covalent,6.820517,7.678358,0.044244356,2,"x0830,x0831",0.470394492149353,357.8612365722656
c1cc(cc(c1)Cl)C[N@H+]2CCN(C[C@H](C2)c3cc(ccc3O)O)C(=O)CCl,AVI-UNI-70b-1,x0107,-7.957927,active-noncovalent,5.0461893,6.2124567,0.08042155,0,,0.47906509041786194,303.4602966308594
c1ccc(c(c1)CCS(=O)(=O)N)C[NH+]2CCN(CC2)C(=O)CCl,MIH-UNI-e57-5,x0678,-7.947098,active-noncovalent,3.865355,4.7727795,0.08736675,5,"x0434,x0678,x0830,x1093,x0831",0.6074303388595581,261.5144958496094
Cc1ccc(cc1)CC[C@H](c2cccc(c2)C#N)[NH+]3CCN(CC3)C(=O)CCl,PAU-WEI-b9b-6,x0104,-7.943945,active-noncovalent,13.61869,14.555472,0.06374253,0,,0.6235488057136536,315.39556884765625
c1cc(c2c(c1)OCCN2C(=O)CCl)c3cccnc3,TIM-UNK-6bd-2,x0759,-7.935658,active-covalent,7.507069,8.424901,0.06589152,13,"x1392,x0830,x0831,x0692,x0770,x0759,x1386,x1418,x1334,x1385,x0708,x1412,x0395",0.4233933985233307,212.68580627441406
Cc1cccc(c1)[C@H](c2ccc(s2)C)[NH+]3CCN(CC3)C(=O)CCl,WAL-WAB-df1-2,x0072,-7.907163,active-noncovalent,9.051684,9.79495,0.05591167,3,"x0072,x1392,x0831",0.4137744605541229,281.3485107421875
c1ccc2c(c1)CN(C[C@@H]2c3ccc4ccc(cc4c3)S(=O)(=O)N)C(=O)CCl,NIR-THE-c33-4,x0874,-7.902070,active-noncovalent,,,,0,,0.49272263050079346,304.8350524902344
CC(=O)NCCc1c[nH]c2c1cc(cc2C[NH+]3CCN(CC3)C(=O)CCl)Cl,DAR-DIA-fb2-15,x0830,-7.877357,active-covalent,2.987735,3.360178,0.015578579,9,"x0830,x0831,x0692,x0770,x0759,x1418,x1386,x1392,x0708",0.7768412232398987,305.86920166015625
Cc1cccc(c1)[C@@H]([NH+]2CCN(CC2)C(=O)CCl)N3CCC(CC3)O,MIH-UNI-e57-7,x0678,-7.846193,active-noncovalent,3.634651,4.9839134,0.046379495,4,"x1093,x0678,x0434,x0967",0.38454240560531616,282.92449951171875
Cc1cccc(c1)[C@H]([N@]2CCCOCC2)[NH+]3CCN(CC3)C(=O)CCl,MIH-UNI-e57-6,x0072,-7.828751,active-noncovalent,9.717412,10.583583,0.06552421,0,,0.7379237413406372,282.5990905761719
c1ccc2c(c1)CN(C(=C2Cc3cc4cc(ccc4s3)S(=O)(=O)N)C(=O)Nc5cccnc5)C(=O)CCl,GER-FIO-88d-2,x0874,-7.802330,active-noncovalent,9.372556,9.759841,0.030628143,0,,0.5348994731903076,398.2749938964844
C[C@H](C1=CC(=C[C@@H]2[C@H]1CCC2)Cl)NC(=O)CCl,DAV-CRI-eab-2,x1382,-7.781020,active-covalent,3.0294418,3.556292,0.03149161,14,"x1382,x0830,x0831,x0678,x0434,x1093,x0708,x0770,x0692,x1392,x1418,x0759,x1386,x0305",0.7315451502799988,202.35684204101562
C1CCC(CC1)C[N@H+]([C@H]2CCCN(C2)C(=O)CCl)C3CCC(CC3)O,WAR-XCH-72a-5,x1418,-7.760713,active-covalent,4.2450314,5.0719814,0.04038941,14,"x1392,x0770,x0831,x0692,x0830,x0759,x0774,x1418,x1386,x1334,x1412,x1385,x0072,x0708",0.5837142467498779,290.68780517578125
c1cscc1Cc2cnc(s2)C[NH+]3CCN(CC3)C(=O)CCl,MAK-UNK-e4a-20,x0692,-7.758801,active-covalent,3.148353,3.9222007,0.05464614,9,"x0692,x0831,x0830,x0770,x1392,x0759,x1418,x1386,x0708",0.4331713914871216,261.89501953125
CCNc1ccc(c(n1)Cc2cc(cc(c2)F)NCC(=O)NC(=O)C=C)F,BEN-VAN-ed8-4,x0434,-7.746318,active-noncovalent,6.963706,7.7325664,0.030624542,0,,0.3122860789299011,286.17108154296875
CC(=O)NCCc1c[nH]c2c1ccc(c2[C@H]3CN(Cc4c3cccc4)C(=O)CCl)F,NIR-THE-c33-3,x0874,-7.733530,active-noncovalent,6.8652267,7.228282,0.03246438,0,,0.6698648929595947,322.8463134765625
C=CC(=O)N1CC(C1)[NH2+]Cc2cccc3c2[nH]cc3CC(=O)N,JAN-GHE-641-10,x0104,-7.572403,active-noncovalent,3.5362163,4.424992,0.05496647,1,x0104,0.4892396628856659,246.00372314453125
CC[NH2+][C@@H]1C[C@@H](CC[C@H]1OC#N)Oc2cccc(c2)C[NH+]3CCN(CC3)C(=O)CCl,MAK-UNK-af8-19,x0161,-7.556659,active-noncovalent,5.5810823,7.086179,0.055947028,0,,0.21322326362133026,335.94964599609375
c1ccc(cc1)CC[C@H]2CN(CC[C@@H]2C(=O)N3CCCCC3)C(=O)CCl,PAU-WEI-c6d-1,x0072,-7.551484,active-noncovalent,8.611591,9.215273,0.07268703,0,,0.36788371205329895,296.0217590332031
CCNc1ccc(cn1)NCc2cc(c(nc2)C)C[NH+]3CCN(CC3)C(=O)CCl,MAK-UNK-af8-27,x0104,-7.550834,active-noncovalent,13.155334,13.655,0.043064833,0,,0.28614121675491333,324.2872009277344
C[C@H]1Cc2ccc(cc2C[N@H+]1CC3CCN(CC3)C(=O)CCl)S(=O)(=O)N,STU-CHA-7e7-1,x0195,-7.504455,active-noncovalent,4.2211776,4.9904447,0.0614168,1,x0195,0.30337998270988464,293.9830322265625
c1ccc(c(c1)C[NH+]2CCN(CC2)C(=O)CCl)N3CCC[C@@H]3C(=O)N,DUN-NEW-f8c-2,x0072,-7.494275,active-noncovalent,9.1521015,10.053598,0.053401515,2,"x1392,x0830",0.36925119161605835,277.20416259765625
c1cc2cc(ccc2c(c1)C[NH+]3CCN(CC3)C(=O)CCl)S(=O)(=O)N,DAR-DIA-fb2-9,x0830,-7.490153,active-covalent,4.0716977,4.9602423,0.038857702,9,"x0830,x0831,x0692,x0770,x1386,x1418,x1392,x0759,x0708",0.6584304571151733,276.5037536621094
c1cc(ccc1CNC(=O)C[NH2+]Cc2c[nH]c3c2cc(cc3)F)C[NH+]4CCN(CC4)C(=O)CCl,MAK-UNK-72b-1,x0104,-7.483333,active-noncovalent,3.1250427,3.5528452,0.021864966,0,,0.32777681946754456,370.7868957519531
Cc1ccc(cc1)CC[C@H](c2cccc(c2)Cl)[NH+]3CCN(CC3)C(=O)CCl,PAU-WEI-b9b-3,x0104,-7.439302,active-noncovalent,13.600588,14.928815,0.11486617,1,x0104,0.5439506769180298,312.3010559082031
CCNc1ccc(cn1)[C@H]2[C@@H]([C@H]([C@@H]([C@H](O2)O)NC[NH+]3CCN(CC3)C(=O)CCl)O)O,MAK-UNK-af8-30,x0104,-7.412730,active-noncovalent,,,,0,,0.3442438840866089,327.6900329589844
CS(=O)(=O)[N@]1CCN([C@H](C1)c2ccccc2)C(=O)C=C,NAU-LAT-f72-4,x0072,-7.399308,active-noncovalent,4.203485,4.888451,0.037128575,10,"x1392,x0830,x0770,x0831,x0692,x0759,x1386,x0072,x1418,x0774",0.3116564452648163,222.08099365234375
CCNc1ccc(cc1C[NH+]2CCN(CC2)C(=O)CCl)C#N,DAR-DIA-fb2-3,x0830,-7.398350,active-covalent,2.9707396,3.3819122,0.01697099,9,"x0830,x0831,x0692,x0770,x1386,x1418,x0759,x1392,x0708",0.34202998876571655,250.4860076904297
c1ccc2c(c1)[NH+]=C(c3cc(ccc3S2)Cl)NC(=O)CCl,AVI-UNI-a66-1,x1382,-7.383278,active-covalent,3.5350702,5.267934,0.08233973,9,"x1392,x0830,x1382,x0770,x0831,x0692,x0759,x1386,x0708",0.37403544783592224,238.78758239746094
Cc1cccc(c1)[C@H]2CN(CCN2c3ccccc3C#N)C(=O)CS,KAT-FAI-9b6-1,x0708,-7.361490,active-covalent,3.373845,4.306037,0.033893652,5,"x1392,x0759,x0708,x0830,x0831",0.7153788805007935,280.9274597167969
c1cc(cc(c1)F)CCNC(=O)c2cccc3c2nc(s3)NC(=O)CCl,WAL-WAB-df1-1,x0072,-7.359375,active-noncovalent,10.2232895,11.112113,0.01994506,0,,0.34177348017692566,286.8921203613281
Cc1cc(cc(c1)NC[C@H](C)c2ccc(cc2)S(=O)(=O)N)C[NH+]3CCN(CC3)C(=O)CCl,MAK-UNK-af8-17,x0195,-7.316123,active-noncovalent,5.8446503,7.473277,0.14390008,0,,0.2727288007736206,361.7601623535156
CC[NH2+][C@@H](COc1cccc(c1)C[NH+]2CCN(CC2)C(=O)CCl)OCC#N,MAK-UNK-af8-20,x0072,-7.310226,active-noncovalent,8.633455,9.742001,0.077094726,0,,0.6166117191314697,307.837158203125
CC(=O)NCCc1c[nH]c2c1cc(cc2[C@@H]3CN(Cc4c3cccc4)C(=O)CCl)F,DAR-DIA-cab-6,x0830,-7.310155,active-covalent,3.0275252,3.4942615,0.022457168,4,"x0830,x1392,x0692,x0831",0.3543592095375061,324.3758850097656
C[C@H](C1=CC(=C[C@@H]2[C@H]1CC=N2)Cl)NC(=O)CCl,DAV-CRI-eab-7,x0831,-7.294122,active-covalent,3.1564994,3.5856557,0.022888277,10,"x0830,x0831,x0692,x0770,x0759,x1392,x1386,x1418,x0708,x1249",0.40276435017585754,197.54954528808594
Cc1c(cccn1)NC(=O)Cc2cccc(c2NC(=O)C=C)Cl,AGN-NEW-cce-2,x0434,-7.266014,active-noncovalent,8.326347,8.90949,0.085607365,4,"x0434,x1093,x0678,x0967",0.4703317880630493,253.3291015625
c1cscc1NC(=O)[C@@H](CN2CCN(CC2)C(=O)CCl)[NH3+],MAK-UNK-e4a-1,x0387,-7.265724,active-noncovalent,3.9919057,5.850525,0.08408365,3,"x0387,x1392,x0072",0.6798177361488342,242.79513549804688
CS(=O)(=O)[N@]1CCN(C[C@H]1c2ccccc2)C(=O)CCl,DUN-NEW-f8c-22,x0072,-7.261208,active-noncovalent,9.583303,10.480276,0.03720316,7,"x0831,x0072,x0830,x0770,x1392,x0692,x1386",0.19113975763320923,227.4505157470703
CS(=O)(=O)Nc1ccc2c(c1)[C@H](CN(C2)C(=O)CCl)c3ccccc3,MIH-UNI-e57-15,x0104,-7.183770,active-noncovalent,3.6811755,4.806705,0.07239117,1,x0104,0.32183974981307983,277.8672790527344
Cc1ccncc1N2C[C@@H](CN(C2=O)c3cc(cc(c3)Cl)C)NC(=O)C=C,AGN-NEW-63f-1,x0434,-7.177935,active-noncovalent,9.507154,10.274366,0.049262296,2,"x0434,x1093",0.5155947208404541,295.5586242675781
Cc1ccc(c(c1)S(=O)(=O)N2CCN(CC2)C(=O)CCl)NCc3ccccc3,NAU-LAT-f72-5,x0104,-7.171019,active-noncovalent,3.5043168,4.0931797,0.03475288,1,x0104,0.6247023344039917,311.85943603515625
C=CC(=O)N1CC[NH+](CC1)Cc2cccc3c2[nH]cc3CC(=O)N,JAN-GHE-641-9,x0692,-7.157577,active-covalent,5.789742,7.1749196,0.060206514,10,"x0830,x0831,x0692,x0770,x1386,x1418,x1392,x0104,x0708,x0759",0.6660570502281189,258.8565673828125
CC(=O)N[C@@H]([C@@H](c1ccc(cc1)O)S(=O)(=O)NCCc2ccccc2)C(=O)NCC#CBr,MAK-UNK-c44-5,x0967,-7.156637,active-noncovalent,5.227153,5.755675,0.032027394,0,,0.4727674126625061,361.9405822753906
c1ccc(c(c1)CNC(=O)CCl)[C@@H]2CCC[C@H]2C(=O)N,NIR-THE-99f-3,x0874,-7.144211,active-noncovalent,6.3401394,7.1495943,0.078459516,6,"x0830,x0434,x1093,x0831,x0692,x0395",0.8019627928733826,226.25173950195312
CC(=O)NCCc1c[nH]c2c1cc(cc2[C@@H]3CN(Cc4c3cccc4)C(=O)CCl)Cl,DAR-DIA-cab-5,x0830,-7.141233,active-covalent,3.1245437,3.5599575,0.03190271,5,"x0830,x1392,x0831,x0692,x0770",0.600738525390625,332.53204345703125
CC(=O)NCCc1c[nH]c2c1cccc2[C@@H](CCc3ccc(cc3)C(F)(F)F)[NH+]4CCN(CC4)C(=O)CCl,PAU-WEI-b9b-9,x0104,-7.114065,active-noncovalent,3.629174,4.7954483,0.043950856,0,,0.34537556767463684,411.0199279785156
c1cc2ccc(cc2c(c1)Cn3cc(c(nc3=O)NC(=O)CCl)c4cccnc4)S(=O)(=O)N,NIM-UNI-7ba-1,x0830,-7.062444,active-covalent,3.0378282,3.3798475,0.026884394,1,x0830,0.5978846549987793,348.46942138671875
c1csc(c1C#N)C[NH+]2CCN(CC2)C(=O)CCl,DAV-CRI-d1e-1,x1386,-7.032925,active-covalent,3.0063927,3.6315436,0.10129816,11,"x0830,x0831,x0770,x0692,x1418,x1386,x0759,x1392,x0708,x0434,x1382",0.7909040451049805,211.76254272460938
CCNc1c(cc(cn1)F)C[NH+]2CCN(CC2)C(=O)CCl,DAR-DIA-fb2-1,x0104,-7.018445,active-noncovalent,7.6374245,8.811567,0.15417293,2,"x0104,x0195",0.30666792392730713,237.3986358642578
CCNc1ccc(c(n1)Cc2cc(cc(c2)NCC(=O)NC(=O)C=C)C)F,BEN-VAN-ed8-10,x0434,-7.002871,active-noncovalent,10.041033,10.417812,0.04033051,0,,0.13818030059337616,292.9375305175781
C[C@H](C1=CC(=C[C@H]2[C@@H]1[NH2+]CC2)Cl)NC(=O)CCl,DAV-CRI-eab-3,x0831,-6.999310,active-covalent,3.8418612,5.197028,0.055119712,10,"x0830,x0831,x0770,x0759,x0692,x1392,x1386,x1418,x0708,x0736",0.7153092622756958,201.2330780029297
C[C@H](C1=CC(=C[C@H]2[C@@H]1N=CC2)Cl)NC(=O)CCl,DAV-CRI-eab-6,x0831,-6.993941,active-covalent,6.096655,6.3740582,0.028817438,10,"x0830,x0831,x0692,x0770,x1386,x0759,x1392,x1418,x0708,x1249",0.4005151689052582,198.3504180908203
CS(=O)(=O)[N@@]1CCc2ccc(cc2C1)C[NH+]3CCN(CC3)C(=O)CCl,TAM-UNI-d1c-5,x0692,-6.992064,active-covalent,3.390829,4.9223433,0.06269968,9,"x0830,x0692,x0831,x0770,x1392,x0759,x1386,x1418,x0708",0.47381168603897095,283.1989440917969
C[C@H](C1=CC(=C[C@@H]2[C@H]1CSC2)Cl)NC(=O)CCl,DAV-CRI-eab-8,x0831,-6.961595,active-covalent,2.9959073,3.6124048,0.022019466,12,"x0831,x0830,x0770,x0692,x0759,x1392,x0708,x1418,x1386,x0874,x1249,x0395",0.28384438157081604,209.23350524902344
c1cc([nH]c1)C(=O)N2C[C@@H]3CCCN([C@@H]3C2)C(=O)CCl,TIM-UNK-6bd-1,x0434,-6.945223,active-noncovalent,7.1945677,7.643368,0.047414243,5,"x1093,x0434,x0831,x0830,x0692",0.4087899327278137,220.95993041992188
CCNc1c(cc(cn1)C#N)C[NH+]2CCN(CC2)C(=O)CCl,DAR-DIA-fb2-4,x0195,-6.929774,active-noncovalent,9.918967,10.254536,0.029662957,5,"x0104,x0830,x0195,x0692,x0831",0.5495298504829407,248.4773712158203
c1cc(cc(c1)Cl)[C@@H]2CN(Cc3c2cccc3OCC[NH+]4CCOCC4)C(=O)CCl,SEA-TRI-fac-1,x1392,-6.918802,active-covalent,3.2425177,3.5733986,0.017955389,1,x1392,0.43940985202789307,338.6642150878906
CCNc1ccc(cn1)Oc2c3c(cnn2)cn(c3C[NH+]4CCN(CC4)C(=O)CCl)C,MAK-UNK-af8-28,x0195,-6.905110,active-noncovalent,8.465469,9.869204,0.080548644,0,,0.3029310703277588,336.5166015625
C1CS(=O)(=O)C[C@@H]1N(CCC(=[NH2+])N)C(=O)CCl,DAN-PUR-678-1,x1311,-6.892467,active-covalent,5.516344,6.0019774,0.016695019,9,"x1374,x1375,x1311,x0734,x1348,x1334,x1385,x1412,x1392",0.3051372766494751,196.32151794433594
CCNc1ccc(cn1)CNC(=O)CCC[NH+]2CCN(CC2)C(=O)CCl,MAK-UNK-af8-31,x0104,-6.861592,active-noncovalent,4.9352264,5.3546896,0.04485698,0,,0.10065574198961258,295.8079833984375
c1ccc(cc1)CCNS(=O)(=O)c2cccc3c2nc(s3)NC(=O)CCl,DUN-NEW-f8c-23,x0072,-6.849080,active-noncovalent,3.5953045,4.4970045,0.03682376,0,,0.36112654209136963,290.2908630371094
c1cc(cc(c1)Cl)[C@@H](c2ccc(s2)Cl)[NH+]3CCN(CC3)C(=O)CCl,SEA-TRI-822-1,x0434,-6.837725,active-noncovalent,5.4440255,6.5060363,0.061889034,6,"x1392,x0434,x0830,x0831,x1093,x0692",0.2821823060512543,287.6512756347656
C[C@H](C1=CC(=C[C@H]2[C@@H]1C[NH2+]C2)Cl)NC(=O)CCl,DAV-CRI-eab-5,x0831,-6.807669,active-covalent,5.926478,7.0781794,0.051345907,9,"x0830,x0831,x0692,x0770,x1386,x0759,x1418,x0708,x1392",0.5130788683891296,201.6822052001953
Cc1cccc(c1)[C@H]2CN(CCN2c3ccccc3[N+](=O)[O-])C(=O)CS,KAT-FAI-789-1,x0708,-6.772408,active-covalent,3.0737066,3.5299258,0.017039288,8,"x1392,x0831,x0830,x0759,x0708,x0692,x0770,x1418",0.6702072620391846,287.5946044921875
CC(=O)NCCc1ccc2c(c1)cc(cc2[C@@H]3CN(Cc4c3cccc4)C(=O)CCl)OC,DAR-DIA-cab-11,x0195,-6.692318,active-noncovalent,6.246317,6.7901697,0.06145296,0,,0.30142056941986084,350.5247497558594
C=CC(=O)N1CCC(CC1)C[N@@H+]2CCc3ccc(cc3C2)S(=O)(=O)N,STU-CHA-83d-2,x0195,-6.687809,active-noncovalent,4.704723,6.8440824,0.11525015,1,x0195,0.412517786026001,276.4272766113281
c1cc(cnc1)NC(=O)Cn2cc(nn2)CN([C@@H]3CCS(=O)(=O)C3)C(=O)CCl,NIM-UNI-594-1,x0195,-6.647882,active-noncovalent,3.307057,3.8803866,0.031408932,0,,0.16492630541324615,304.7138977050781
c1cc(cnc1)NC(=O)Cn2cc(nn2)CN([C@@H]3CCS(=O)(=O)C3)C(=O)CCl,NIM-UNI-bb6-2,x0195,-6.647882,active-noncovalent,3.1387913,3.7953107,0.024583822,0,,0.24352192878723145,304.7138977050781
CC(=O)NCCc1cn(c2c1cccc2C[NH+]3CCN(CC3)C(=O)CCl)C,TAM-UNI-d1c-20,x0692,-6.596281,active-covalent,5.7051706,6.4009404,0.04434812,3,"x0830,x0692,x0831",0.5302362442016602,302.8728942871094
C=CC(=O)NCCc1c[nH]c2c1cc(cc2NCc3ccc4c(c3)[nH]cn4)F,ANT-OPE-b90-1,x0072,-6.571191,active-noncovalent,9.937984,10.851766,0.06912782,0,,0.3061569035053253,291.9100036621094
C[C@H]1C[C@H](C[C@H](C1)C[NH+]2CCN(CC2)C(=O)CCl)C[NH2+]CNc3ccc(cn3)C#N,MAK-UNK-af8-24,x0072,-6.564718,active-noncovalent,9.987332,10.93025,0.08715553,0,,0.35105401277542114,340.6024475097656
CCNc1cc(c(cn1)C#N)Nc2csc(c2[C@@H]3CCC[C@@H]3C(=O)NC(=O)C=C)OC,BEN-VAN-d2b-12,x0874,-6.551128,active-noncovalent,5.253756,6.0603695,0.11098433,0,,0.6802764534950256,337.0426330566406
CCNc1c(cc(cn1)OC)C[NH+]2CCN(CC2)C(=O)CCl,DAR-DIA-fb2-5,x0104,-6.538956,active-noncovalent,5.397208,6.3231993,0.046690106,1,x0104,0.400055468082428,249.451904296875
CO[C@@H]1CN(C[C@@H]1C[NH+]2CCN(CC2)C(=O)CCl)C(=O)CCNc3ccc(cn3)C#N,MAK-UNK-af8-26,x0072,-6.526270,active-noncovalent,12.194189,13.1178255,0.12305413,0,,0.10591331869363785,343.5879211425781
CCc1cc(cc(c1)NCC(=O)NC(=O)C=C)Cc2c(ccc(n2)NCC)F,BEN-VAN-ed8-12,x0434,-6.499113,active-noncovalent,9.154079,10.3146925,0.03925798,1,x1093,0.17851459980010986,306.3013916015625
CS(=O)(=O)[N@](CCc1ccccc1)CC2CCN(CC2)C(=O)CCl,DUN-NEW-f8c-25,x0072,-6.477479,active-noncovalent,8.67666,9.607139,0.054123186,2,"x0830,x1392",0.633436918258667,279.6245422363281
c1cc2c(cc1S(=O)(=O)N)C[N@@H+](CC2)CC3CCN(CC3)C(=O)CCl,STU-CHA-83d-1,x0195,-6.445353,active-noncovalent,3.7106771,4.6328454,0.022984484,1,x0195,0.26072341203689575,281.6853942871094
Cc1ccc(c(c1)C[NH+]2CCN(CC2)C(=O)CCl)Oc3cc(ccc3N(C)c4cc(ncn4)S(=O)(=O)N)O,MAK-UNK-af8-18,x0161,-6.436746,active-noncovalent,3.268205,5.571593,0.2592794,0,,0.26486948132514954,410.53125
C1CS(=O)(=O)C[C@@H]1N(CCC(=O)N)C(=O)CCl,DAN-PUR-678-2,x1311,-6.436077,active-covalent,3.4899557,4.9199867,0.16637039,6,"x1311,x1374,x1375,x0734,x1348,x1385",0.5105777978897095,195.92678833007812
Cc1ccc(c(c1CC(=O)Nc2cccnc2Cl)NC(=O)C=C)C,AGN-NEW-cce-3,x0434,-6.422377,active-noncovalent,9.460184,10.816891,0.08014758,4,"x0434,x1093,x0678,x0967",0.19704140722751617,265.1831970214844
c1cc2c(c(c1)C[NH+]3CCN(CC3)C(=O)CCl)CC(=O)NCC2,TAM-UNI-d1c-14,x1392,-6.384351,active-covalent,7.722211,8.672867,0.048774578,4,"x1392,x0830,x0692,x0831",0.8160476684570312,255.0623779296875
c1cc(cc(c1)Cl)C[N@H+]2C[C@H]3C[C@@H]2CN3C(=O)CCl,DAN-LON-a5f-8,x0770,-6.342978,active-covalent,3.0025058,3.433482,0.019161412,10,"x0830,x0831,x0692,x0770,x1386,x1418,x0759,x1392,x0708,x0434",0.5372235774993896,220.0436248779297
C[C@@H](c1cc(cc2c1CC=CC2)Cl)NC(=O)CCl,DAV-CRI-eab-1,x0831,-6.332597,active-covalent,7.3260264,8.175601,0.06106454,11,"x0830,x1392,x0831,x0692,x0770,x1386,x1418,x0759,x0708,x0395,x0434",0.3628818392753601,210.1566162109375
Cc1cccc(c1C[C@H]([C@@H](C)O)NC(=O)CS(=O)(=O)N)C[NH+]2CCN(CC2)C(=O)CCl,MAK-UNK-af8-15,x0161,-6.328569,active-noncovalent,5.4008646,6.400398,0.054788865,0,,0.40238508582115173,350.7520751953125
C[C@@H]1C[C@@H](C[C@@H](C1)[NH2+]CCNc2ccc(cn2)C#N)C[NH+]3CCN(CC3)C(=O)CCl,MAK-UNK-af8-23,x0104,-6.308840,active-noncovalent,10.497848,11.693166,0.16395868,0,,0.6149016618728638,340.3683776855469
C[C@@H](c1cc(ccc1Oc2cccc(c2)S(=O)(=O)N)Cl)NC(=O)CCl,STU-CHA-91d-1,x0195,-6.304440,active-noncovalent,3.1428957,3.673258,0.046057966,2,"x0104,x0195",0.23186109960079193,281.5005187988281
CNC(=O)c1ccc(cc1C[NH+]2CCN(CC2)C(=O)CCl)C#N,TAM-UNI-d1c-17,x1386,-6.300272,active-covalent,3.0563693,3.3362105,0.022830397,9,"x0830,x0770,x0831,x0692,x1386,x1418,x0759,x1392,x0708",0.5617496967315674,255.56935119628906
c1ccc(cc1)c2ncc(cn2)C[NH+]3CCN(CC3)C(=O)CCl,MAK-UNK-af8-1,x0072,-6.235673,active-noncovalent,9.058723,10.566967,0.078506276,1,x1392,0.3701990246772766,254.4185791015625
c1ccc2c(c1)CN(C[C@H]2c3cc(cnc3CNC(=O)N4CCOCC4)F)C(=O)CCl,DAR-DIA-cab-13,x0195,-6.233018,active-noncovalent,3.2223072,3.8023734,0.037540834,0,,0.324801504611969,334.1835021972656
C[C@@H](c1cccc2c1n(cc2CCNC(=O)C)C)NC(=O)CCl,TAM-UNI-d1c-24,x1392,-6.228618,active-covalent,6.513136,6.9435444,0.034331456,7,"x1392,x0830,x0759,x0831,x0692,x0770,x1418",0.5406759977340698,258.1920166015625
COc1cc2cc(ccc2c(c1)[C@@H]3CN(Cc4c3cccc4)C(=O)CCl)S(=O)(=O)N,DAR-DIA-cab-10,x0830,-6.223668,active-covalent,2.949378,3.4218628,0.023325726,6,"x1392,x0830,x0692,x0831,x0770,x0759",0.4991048574447632,326.1475524902344
c1cscc1Cc2ncc(s2)C[NH+]3CCN(CC3)C(=O)CCl,MAK-UNK-e4a-21,x0692,-6.183504,active-covalent,2.9455016,3.3333862,0.009080154,9,"x0830,x0831,x0692,x0770,x1386,x1418,x0759,x1392,x0708",0.49457770586013794,261.5492248535156
C1C[NH+](CCC1O)C[C@@H]([C@@H]([NH+]2CCN(CC2)C(=O)CCl)O)O,MAK-UNK-e4a-12,x0387,-6.169175,active-noncovalent,6.6071234,7.7748103,0.061516058,2,"x0072,x0387",0.3449708819389343,251.15243530273438
c1cscc1[C@@H]2C[C@]3(CCCN(C3)C(=O)CCl)C[C@H]2C(=O)N,NIR-THE-99f-2,x0874,-6.155336,active-noncovalent,7.9790993,9.192791,0.10760939,1,x1392,0.2631578743457794,255.849853515625
c1cc(cnc1)C2(CCCCC2)[NH+]3CCN(CC3)C(=O)CCl,WAR-XCH-79d-8,x1493,-6.150517,active-covalent,10.212356,11.228564,0.06963372,2,"x0734,x0820",0.36299964785575867,247.404541015625
c1cc(ncc1C#N)NCCOc2c(ccc(n2)NC[NH+]3CCN(CC3)C(=O)CCl)C#N,MAK-UNK-af8-32,x0161,-6.126231,active-noncovalent,4.4115357,5.0269265,0.03531096,0,,0.18677687644958496,346.2974853515625
C#Cc1cc(cnc1)Nc2cc(sc2)NS(=O)(=O)c3ccc4c(c3)CCN(C4)C(=O)CCl,NIY-UNK-626-5,x0387,-6.106668,active-noncovalent,7.4935584,8.596702,0.12277419,0,,0.602806031703949,354.33416748046875
c1ccc(cc1)C(c2ccccc2)[NH+]3CCN(CC3)C(=O)CCl,SIM-SYN-f15-1,x0692,-6.083106,active-covalent,3.572626,4.1659713,0.030983556,7,"x0830,x0831,x0692,x1392,x0770,x0395,x1386",0.5051095485687256,258.4117431640625
C#Cc1ccc(nc1)Nc2cc(sc2)CS(=O)(=O)Cc3cccc4c3CN(CC4)C(=O)CCl,NIY-UNK-626-1,x0387,-6.075204,active-noncovalent,3.286966,4.140998,0.031217583,0,,0.40592268109321594,370.6559143066406
CCNc1c(c(cs1)C#N)C[NH+]2CCN(CC2)C(=O)CCl,DAV-CRI-d1e-4,x1386,-6.074709,active-covalent,3.1660879,4.1065054,0.09170461,10,"x0830,x0831,x0692,x0770,x1418,x1386,x1392,x0759,x0708,x0434",0.8145924806594849,246.55331420898438
CCNc1ccc(cn1)c2c3ncc(c(n3cn2)C[NH+]4CCN(CC4)C(=O)CCl)C,MAK-UNK-af8-29,x0161,-6.067757,active-noncovalent,9.426068,10.268547,0.09049303,0,,0.5075699687004089,326.2256164550781
C[N@H+](CCN(C)C(=O)C=C)C[C@H]1C=N[C@H]2[C@@H]1C=C(C=C2)C#N,JAN-GHE-bf4-13,x0692,-6.055426,active-covalent,5.546829,6.4834538,0.06717511,9,"x0830,x0692,x1392,x0831,x0770,x0759,x1386,x1418,x0708",0.382088303565979,246.0196533203125
CC(=O)NCCc1c[nH]c2c1cc(cc2C[NH+]3CCN(CC3)C(=O)CCl)F,NAU-LAT-f72-1,x0072,-6.048683,active-noncovalent,10.486722,10.837458,0.058643807,0,,0.34700828790664673,296.73480224609375
c1cnc(c(c1[C@H]2C[C@H]([C@@H](C2)C(=O)N)c3ccsc3)NC(=O)CCl)Cl,NIR-THE-99f-4,x0759,-6.042750,active-covalent,3.5457735,4.440944,0.055688545,6,"x0759,x0770,x1392,x0830,x0831,x0692",0.37209850549697876,286.3412780761719
c1ccc(cc1)[C@@H]2C[N@H+](CCN2C(=O)CCl)Cc3cccc(c3)Cl,DAN-LON-a5f-5,x0770,-5.993355,active-covalent,2.8502264,3.3027442,0.008860646,9,"x0770,x0831,x0830,x0692,x1386,x1418,x0759,x1392,x0708",0.5083361864089966,275.5304260253906
c1ccc2c(c1)cccc2[C@@H](C[C@H]3CC[C@H]([C@@H]3c4ccsc4)C(=O)N)NC(=O)CCl,NIR-THE-99f-1,x0874,-5.973041,active-noncovalent,4.3956037,5.984782,0.08059781,0,,0.4119703769683838,337.4082946777344
c1cc(ccc1Cn2c(cnn2)CN([C@@H]3CCS(=O)(=O)C3)C(=O)CCl)Cl,NIM-UNI-594-2,x0195,-5.972826,active-noncovalent,10.770447,12.451334,0.085206226,1,x0104,0.40127551555633545,293.6692199707031
c1cc(ccc1Cn2c(cnn2)CN([C@@H]3CCS(=O)(=O)C3)C(=O)CCl)Cl,NIM-UNI-bb6-1,x0195,-5.972826,active-noncovalent,10.260692,10.613887,0.045578133,1,x0104,0.269728422164917,293.6692199707031
c1ccc2c(c1)csc2C[NH+]3CCN(CC3)C(=O)CCl,PAU-UNI-b2b-1,x1418,-5.969722,active-covalent,3.3484604,4.126166,0.055357527,9,"x0830,x0831,x0770,x0692,x1418,x1386,x0759,x1392,x0708",0.4198957681655884,232.89892578125
C=CC(=O)N1CC[NH+](CC1)C[C@H]2C=N[C@H]3[C@@H]2C=C(C=C3)C#N,JAN-GHE-bf4-9,x0692,-5.943081,active-covalent,5.345606,6.9172044,0.05188291,6,"x0830,x0831,x0692,x0770,x1386,x1418",0.5225247144699097,240.21849060058594
c1ccc2c(c1)CN(C[C@@H]2c3ccc4ccc(cc4c3)S(=O)(=O)N)C(=O)CCl,TAM-UNI-d1c-9,x1392,-5.937392,active-covalent,,,,1,x1392,0.49900129437446594,305.3616943359375
C#Cc1cc(cnc1)Nc2cc(sc2)NS(=O)(=O)CCN3CCN(CC3)C(=O)CCl,NIY-UNK-626-4,x0195,-5.885530,active-noncovalent,3.7628336,4.914348,0.06394592,0,,0.36047762632369995,339.7470397949219
C[C@H](N)[NH2+][C@@H](CC(=O)N)C(=O)N[C@H]1CC[C@H](CN1C(=O)CCl)c2nc3c(cccc3s2)c4ccc(cc4)S(=O)(=O)N,DAV-CRI-f9b-2,x0161,-5.874022,active-noncovalent,4.73205,5.72614,0.051533695,0,,0.603665828704834,448.6192321777344
C[C@@H](c1ccc2c(c1)n(cc2CCNC(=O)C)C)NC(=O)CCl,TAM-UNI-d1c-23,x1392,-5.870521,active-covalent,7.923109,8.736432,0.059430417,6,"x1392,x0692,x0831,x0830,x0770,x0759",0.7069263458251953,259.2414855957031
c1cc2c(c(c1)C[NH+]3CCN(CC3)C(=O)CCl)C(=O)NCCC2,TAM-UNI-d1c-15,x0692,-5.863121,active-covalent,5.5056195,6.4044347,0.037587613,9,"x0830,x0692,x0831,x0770,x1386,x1418,x1392,x0759,x0708",0.6349751949310303,254.55682373046875
C[NH+](C)CCCC(=O)NCCc1c[nH]c2c1cccc2C[NH+]3CCN(CC3)C(=O)C=C,JAN-GHE-641-8,x0104,-5.849407,active-noncovalent,3.441523,4.108439,0.04644486,0,,0.30748409032821655,346.7838134765625
CC(=O)NCCc1c[nH]c2c1cc(cc2C[NH+]3CCN(CC3)C(=O)CCl)F,STU-CHA-bc0-1,x0104,-5.819488,active-noncovalent,5.3473186,5.7262487,0.044943243,0,,0.34020382165908813,297.1395263671875
c1ccc(c(c1)C[NH+]2CCN(CC2)C(=O)CCl)N3CCC[C@@H]3C(=O)N,TAM-UNI-d1c-3,x1386,-5.806887,active-covalent,3.4171786,4.7399354,0.058696717,2,"x0830,x0831",0.20288807153701782,277.6047668457031
c1cc(cc(c1)S(=O)(=O)N)n2cc(nn2)C[NH+]3CCN(CC3)C(=O)CCl,NIM-UNI-594-3,x0195,-5.789229,active-noncovalent,3.2360985,3.9515634,0.028655674,1,x0195,0.44094014167785645,283.11614990234375
c1cc(cc(c1)S(=O)(=O)N)n2cc(nn2)C[NH+]3CCN(CC3)C(=O)CCl,NIM-UNI-bb6-3,x0195,-5.789229,active-noncovalent,3.339573,4.6108885,0.05622595,1,x0195,0.3693679869174957,283.11614990234375
CCNc1c(cc(cn1)C#N)C[NH+]2CCN(CC2)C(=O)CCl,BRU-LEF-ae0-1,x0305,-5.769223,active-noncovalent,4.16547,5.602193,0.10810656,2,"x0395,x0305",0.4720020890235901,247.71295166015625
CC(=O)NCCc1c[nH]c2c1cccc2C[NH+]3CCN(CC3)C(=O)CCl,DUN-NEW-f8c-24,x0072,-5.758780,active-noncovalent,8.918485,9.703921,0.04073521,0,,0.24807070195674896,290.1484680175781
C1C[NH+](CCC1O)[C@H](CC[NH+]2CCN(CC2)C(=O)CCl)N,MAK-UNK-e4a-13,x0692,-5.742552,active-covalent,3.1181273,3.5695999,0.036236133,8,"x0830,x0831,x0692,x1386,x0770,x1418,x0759,x1392",0.3179815411567688,243.17552185058594
CS(=O)(=O)NCCc1c[nH]c2c1cccc2C[NH+]3CCN(CC3)C(=O)C=C,JAN-GHE-641-7,x0104,-5.723781,active-noncovalent,7.030093,7.773879,0.07630501,0,,0.30213814973831177,299.3114929199219
CNc1cnc(nc1F)c2c(cc(s2)F)[C@@H]3CCC[C@H]3C(=O)NC(=O)C=C,BEN-VAN-d2b-19,x0874,-5.632443,active-noncovalent,5.368839,6.8688354,0.06685912,0,,0.29512718319892883,288.3375244140625
c1c(c(cs1)NC(=O)CCS(=O)(=O)N)C[NH+]2CCC(CC2)O,MAK-UNK-5e8-4,x0195,-5.617511,active-noncovalent,9.767479,11.180098,0.09601877,3,"x0195,x0104,x0161",0.3915504515171051,250.0362548828125
CCCNc1cc(c(cc1N(C)C)NC(=O)C=C)Nc2nccc(n2)C(=O)N,STE-LAU-835-1,x0072,-5.593823,active-noncovalent,3.1382391,3.7145562,0.042722285,0,,0.30401554703712463,300.9691467285156
Cc1cccc(c1NC(=O)C=C)CC(=O)Nc2cccnc2Cl,AGN-NEW-cce-1,x0434,-5.588207,active-noncovalent,6.993169,8.450292,0.107960746,4,"x0434,x1093,x0967,x0678",0.2975565195083618,252.24180603027344
C=CS(=O)(=O)N1CC[NH+](CC1)[C@H](c2cccs2)c3cc(cc(c3)Cl)CCS(=O)(=O)N,SEA-TRI-6cb-1,x0161,-5.575256,active-noncovalent,6.110362,6.567635,0.014137514,0,,0.6999686360359192,342.94403076171875
CC(=O)N[C@@H](Cc1ccc(cc1)O)C(=O)NC[NH+]2CCN(CC2)C(=O)CCl,NIM-UNI-ed9-1,x0967,-5.544855,active-noncovalent,11.97055,12.788292,0.072073445,2,"x0967,x1093",0.38570117950439453,300.8955993652344
C[C@H]1[C@@H]([C@H]([C@H](O1)C[NH+]2CCN(CC2)C(=O)CCl)O)OCCCNc3ccc(cn3)C#N,MAK-UNK-af8-25,x0195,-5.543700,active-noncovalent,,,,0,,0.7897804975509644,343.23382568359375
c1ccc(cc1)[C@H]2CN([C@@H](c3c2cccc3)[C@H]4CS(=O)(=O)C[C@@H]4N5CCCC5=O)C(=O)CCl,DAV-CRI-b70-1,x1392,-5.525158,active-covalent,3.0135446,3.3849754,0.013296237,0,,0.45913201570510864,359.5903015136719
C#CC[NH+]1CCN(CC1)C(=O)CCl,TOB-UNK-c2a-1,x1386,-5.523991,active-covalent,2.9962378,3.5727181,0.042937804,15,"x0830,x0831,x1386,x0692,x1418,x0770,x1093,x1392,x0434,x0759,x0708,x0678,x0967,x1382,x0397",0.26017770171165466,155.508056640625
c1cc(cc(c1)Cl)C[N@H+]2CCN(C[C@@H]2c3cccs3)C(=O)CCl,DAN-LON-a5f-9,x0770,-5.483294,active-covalent,3.0428262,3.3383381,0.017722735,9,"x0770,x0831,x0692,x0830,x1386,x1392,x1418,x0759,x0708",0.6201537847518921,272.33563232421875
CNc1cnc(nc1)c2c(c(cs2)Cl)[C@@H]3CCC[C@H]3C(=O)NC(=O)C=C,BEN-VAN-d2b-4,x0874,-5.476882,active-noncovalent,10.834459,11.83479,0.05052753,0,,0.28744861483573914,290.07965087890625
C[C@@H](c1ccc2ccc(cc2c1)NS(=O)(=O)C)NC(=O)CCl,TAM-UNI-d1c-22,x1392,-5.463551,active-covalent,7.8718734,8.85082,0.0507493,6,"x1392,x0830,x0831,x0692,x0759,x0770",0.5035445690155029,245.87599182128906
CCNc1c(c(c(cn1)C#N)Nc2cscc2[C@@H]3CCC[C@@H]3C(=O)NC(=O)C=C)F,BEN-VAN-d2b-2,x0874,-5.447653,active-noncovalent,3.2091615,3.836453,0.07663055,0,,0.3551234304904938,324.128662109375
CC(=O)Nc1ccc(cc1C[NH+]2CCN(CC2)C(=O)CCl)C#N,TAM-UNI-d1c-18,x1392,-5.442736,active-covalent,7.0385523,8.938612,0.13445294,9,"x1392,x0770,x0692,x0830,x0831,x0759,x1386,x0708,x1418",0.6954423189163208,257.2940673828125
c1c(cc(cc1Cl)Cl)C[NH+]2CCN(CC2)C(=O)CCl,PAU-UNI-8cd-1,x0770,-5.428621,active-covalent,5.879878,6.7613945,0.021284224,9,"x0770,x0830,x0692,x0831,x1386,x1418,x0759,x1392,x0708",0.3638679087162018,229.33285522460938
CS(=O)(=O)[N@]1CCc2ccc(cc2C1)[C@H]3CN(Cc4c3cccc4)C(=O)CCl,TAM-UNI-d1c-8,x1392,-5.427806,active-covalent,3.0961287,3.645581,0.019819975,4,"x1392,x0830,x0831,x0692",0.5282934308052063,309.664306640625
c1ccc2c(c1)CN(C[C@@H]2c3cccc(c3)CNC(=O)N4CCOCC4)C(=O)CCl,TAM-UNI-d1c-7,x1392,-5.423794,active-covalent,2.9793582,3.2956696,0.012724479,1,x1392,0.3802340030670166,328.4049987792969
Cc1ccc(cc1)CC[C@H](c2cccc3c2[nH]cc3CCNC(=O)C)[NH+]4CCN(CC4)C(=O)CCl,PAU-WEI-b9b-8,x0104,-5.389394,active-noncovalent,8.774641,9.3507185,0.067112476,0,,0.31129512190818787,389.8431396484375
c1cc(c(cc1S(=O)(=O)N)CC[N@H+]2CCCN(CC2)C(=O)CCl)Br,PED-UNI-89d-1,x0831,-5.371132,active-covalent,4.4360256,5.429702,0.07513335,3,"x0830,x0831,x0692",0.6093714237213135,287.0896911621094
c1c(c(c(s1)NCO)C[NH+]2CCN(CC2)C(=O)CCl)C#N,DAV-CRI-d1e-5,x1386,-5.367616,active-covalent,3.843738,5.011362,0.0455664,9,"x0830,x0831,x0770,x0692,x1386,x1418,x0759,x1392,x0708",0.5852859616279602,242.13218688964844
c1c2c(cc(c1C(F)F)S(=O)(=O)N)C[N@@H+](CC2)CC3CCN(CC3)C(=O)CCl,STU-CHA-814-1,x0195,-5.339505,active-noncovalent,5.166397,5.5947475,0.04049401,4,"x0830,x0770,x0692,x0831",0.4300996661186218,308.5876770019531
COCCNc1cc(c(cn1)C#N)Nc2cscc2[C@@H]3CCC[C@@H]3C(=O)NC(=O)C=C,BEN-VAN-d2b-10,x0874,-5.329708,active-noncovalent,5.042529,6.2422595,0.10472246,0,,0.25991809368133545,339.7646789550781
CCNc1ccc(c(n1)Cc2cc(ccc2Cl)OCC(=O)NC(=O)C=C)F,BEN-VAN-ed8-20,x0434,-5.322351,active-noncovalent,11.953894,13.054797,0.058278758,2,"x1093,x0434",0.4610373377799988,295.7211608886719
CC(=O)N[C@](Cc1ccc(cc1)O)(C(=O)NCC#CBr)S(=O)(=O)NCCc2ccccc2,MAK-UNK-c44-6,x0967,-5.320551,active-noncovalent,6.353566,7.166416,0.039103452,1,x0967,0.7527948617935181,364.71221923828125
Cc1cccc(c1)[C@H]2CN(CC[N@@]2c3ccccc3N4CCOCC4)C(=O)CS,KAT-FAI-9b6-2,x0708,-5.312636,active-covalent,3.684317,4.2742114,0.023810139,0,,1.0012637376785278,325.017333984375
C=CC(=O)N1CC(C1)[NH2+]C[C@H]2C=N[C@H]3[C@@H]2C=C(C=C3)C#N,JAN-GHE-bf4-10,x0692,-5.285728,active-covalent,6.7687054,8.112052,0.07550372,8,"x1392,x0692,x0830,x0831,x0770,x0759,x1418,x1386",0.42860108613967896,227.78555297851562
CC(C)[C@@H]1C[N@H+](CCN1C(=O)CCl)Cc2cccc(c2)Cl,DAN-LON-a5f-4,x0770,-5.240683,active-covalent,3.0168092,3.5821073,0.034280173,9,"x0770,x0831,x0692,x0830,x0759,x1386,x1418,x1392,x0708",0.47629299759864807,250.0380859375
CC1(CN(CC[N@H+]1Cc2cccc(c2)Cl)C(=O)CCl)C,DAN-LON-a5f-2,x0770,-5.224834,active-covalent,3.015276,3.4557314,0.007760479,11,"x0770,x0831,x0692,x0830,x0759,x1418,x1392,x1386,x0708,x1334,x0749",0.6466630697250366,237.87338256835938
C=CC(=O)N1CC[NH+](CC1)CC#C,TOB-UNK-c2a-2,x1386,-5.215091,active-covalent,6.4462748,7.131108,0.046036445,13,"x0831,x0830,x0770,x0692,x1386,x1418,x1392,x0759,x0708,x1385,x1334,x1093,x1412",0.4256253242492676,150.8745880126953
c1cc2c(cc1S(=O)(=O)N)N(CCC2)CCCC[C@@H]3CCCN(C3)C(=O)CCl,PAU-UNI-f43-1,x0749,-5.208764,active-covalent,3.0517375,3.5598702,0.040032122,1,x0749,0.4994266629219055,319.6152038574219
CC(=O)N[C@@H](Cc1ccc(cc1)O)C(=O)N[C@@H](C[NH+]2CCN(CC2)C(=O)CCl)c3ccccc3,NIM-UNI-ed9-4,x0967,-5.183060,active-noncovalent,6.630184,7.4651027,0.028782867,0,,0.3840011954307556,374.7439270019531
Cn1cc(c(n1)C[NH+]2CCN(CC2)C(=O)CCl)N3CCC[C@@H]3C(=O)N,TAM-UNI-d1c-2,x0692,-5.154994,active-covalent,4.912583,6.189254,0.04297113,4,"x0830,x0831,x0692,x0770",0.963301420211792,276.2391357421875
CCNc1c2cc(ccc2c(cn1)C#N)N(c3cccc(c3)C(=O)N4CCSCC4)C(=O)CCl,NIR-THE-ed2-2,x0107,-5.154628,active-noncovalent,6.995903,7.38881,0.035328835,0,,0.4779358506202698,376.1662292480469
CCNc1ccc(c(n1)Cc2cc(ccc2Cl)NCC(=O)NC(=O)C=C)F,BEN-VAN-ed8-19,x0434,-5.086646,active-noncovalent,9.437002,9.998352,0.03564612,0,,0.5854365229606628,295.1062927246094
C[NH2+]CCSC(=O)c1cccc(c1)C[NH+]2CCN(CC2)C(=O)CCl,MAK-UNK-cd9-1,x0104,-5.084774,active-noncovalent,9.637426,10.913251,0.08832845,1,x0104,0.547386109828949,284.8994445800781
C=CC(=O)N1CCN(CC1)c2ccc(cc2S(=O)(=O)N)[C@H]3c4ccccc4C(=O)N3,DR -UNK-640-2,x1093,-5.077204,active-noncovalent,8.374757,9.401042,0.046515964,2,"x1093,x0434",0.4566310942173004,316.3794250488281
C=CC(=O)N1CCN(CC1)c2ccc(cc2S(=O)(=O)N)[C@H]3c4ccccc4C(=O)N3,DR -UNK-dd7-2,x1093,-5.077204,active-noncovalent,8.009474,8.955717,0.062073566,2,"x1093,x0434",0.810535192489624,316.3794250488281
CNc1cnc(nc1)c2c(ccs2)[C@@H]3CCC[C@H]3C(=O)NC(=O)C=C,BEN-VAN-d2b-6,x0874,-5.031328,active-noncovalent,10.2544365,11.408908,0.0685666,0,,0.7498780488967896,274.0346374511719
Cc1ccnc(c1)N(CCC2CN(C2)C(=O)C=C)C(=O)Nc3c(ncc(c3CC[NH+]4CCOCC4)C)C,AGN-NEW-5f0-1,x0434,-5.012227,active-noncovalent,12.181189,13.297875,0.048337966,0,,0.6483849287033081,405.89813232421875
C[C@H](N)[NH2+][C@@H](CC(=O)N)C(=O)N[C@H]1CC[C@H](CN1C(=O)CCl)c2nc3c(cccc3s2)c4ccc(c(c4)[O-])S(=O)(=O)N,DAV-CRI-f9b-6,x0161,-5.001788,active-noncovalent,,,,0,,0.8152279257774353,455.44671630859375
CNC(=O)[C@H](CC[NH+]1CCN(CC1)C(=O)CCl)Nc2ccsc2,MAK-UNK-e4a-2,x0692,-5.000103,active-covalent,9.814749,11.018746,0.08418533,3,"x0830,x0692,x0831",0.6746639013290405,269.4685363769531
c1cc(cc(c1)Cl)C[N@@H+]2CCN(C[C@H]2C(=O)N)C(=O)CCl,DAN-LON-a5f-1,x0770,-4.988998,active-covalent,4.6075835,5.775089,0.07208705,12,"x0770,x0831,x0692,x0830,x1386,x0759,x1418,x1392,x0708,x0774,x0736,x1412",0.8571048974990845,239.9680938720703
C=CC(=O)NC1C[NH+](C1)C[C@H]2C=N[C@H]3[C@@H]2C=C(C=C3)C#N,JAN-GHE-bf4-11,x0692,-4.962409,active-covalent,7.589452,8.193475,0.026690977,9,"x0830,x0831,x0692,x0770,x0708,x1386,x1418,x1392,x0759",0.49570512771606445,229.17877197265625
Cc1ccncc1/N=C(/C)\CCn2c3ccccc3nc2[C@@H]4CCCN(C4)C(=O)CCl,PAU-UNI-b6a-1,x0107,-4.961240,active-noncovalent,10.124469,10.799062,0.039625842,0,,0.4969111680984497,342.3126525878906
CC(=O)N1CCCc2cccc(c2C1)C[NH+]3CCN(CC3)C(=O)CCl,TAM-UNI-d1c-13,x1392,-4.925334,active-covalent,6.266515,7.0436997,0.024491275,1,x1392,0.7806935906410217,282.36224365234375
C[C@@H](c1ccccc1CNC(=O)N2CCOCC2)NC(=O)CCl,TAM-UNI-d1c-21,x1392,-4.917112,active-covalent,3.2496638,3.6733017,0.048220452,6,"x1392,x0830,x0692,x0831,x0770,x0759",0.15013357996940613,256.45904541015625
CNS(=O)(=O)c1ccc2ccc(cc2c1)C[NH+]3CCN(CC3)C(=O)CCl,TAM-UNI-d1c-6,x0692,-4.904441,active-covalent,3.0709176,3.7263336,0.037502967,4,"x0830,x0692,x0831,x0104",0.49568435549736023,291.397705078125
CC(C)C[C@@H]1CN(CC[N@H+]1Cc2cccc(c2)Cl)C(=O)CCl,DAN-LON-a5f-3,x0770,-4.898075,active-covalent,3.346179,3.9820273,0.07515706,9,"x0770,x0831,x0692,x0830,x1386,x1418,x0759,x1392,x0708",0.5130158066749573,263.8277282714844
COc1ccccc1n2cc(nn2)C[NH+]3CCN(CC3)C(=O)CCl,ANT-STE-dbb-3,x1386,-4.881322,active-covalent,3.0169914,3.4518595,0.014996873,9,"x0770,x0830,x0831,x0692,x1392,x1386,x0759,x1418,x0708",0.470284640789032,262.0924072265625
C[N@](C[NH+]1CCC(CC1)O)C[NH+]2CCN(CC2)C(=O)CCl,MAK-UNK-e4a-14,x0387,-4.880488,active-noncovalent,5.005653,6.1584854,0.071009874,3,"x1392,x1077,x0072",0.3057177662849426,246.5909881591797
Cc1ccc2c(c1)[C@H](C(=O)N([C@@H]2[C@H]3CS(=O)(=O)C[C@@H]3N4CCCC4=O)C(=O)CCl)c5cccc(c5)O,DAV-CRI-f47-7,x1392,-4.810890,active-covalent,,,,0,,0.3326815366744995,386.1778259277344
c1ccc(cc1)[C@H]2CN([C@@H](c3c2cc(cc3)F)[C@H]4CS(=O)(=O)C[C@@H]4N5CCCC5=O)C(=O)CCl,DAV-CRI-f47-2,x1392,-4.796548,active-covalent,3.009613,3.4809008,0.017399339,0,,0.37943437695503235,369.6580505371094
C#Cc1ccc(nc1)Nc2cc(sc2)C[S@](=N)(=O)Cc3cccc4c3CN(CC4)C(=O)CCl,NIY-UNK-626-2,x0195,-4.775069,active-noncovalent,9.715704,10.779051,0.06952707,0,,0.21070224046707153,372.28155517578125
c1ccc2c(c1)CN(C[C@H]2c3cc(cnc3CNC(=O)N4CCOCC4)C#N)C(=O)CCl,DAR-DIA-cab-12,x0195,-4.753704,active-noncovalent,10.693024,11.514595,0.05061452,0,,0.4445524215698242,344.0389099121094
CNc1cnc(nc1F)c2c(ccs2)[C@@H]3CCC[C@H]3C(=O)NC(=O)C=C,BEN-VAN-d2b-18,x0874,-4.752408,active-noncovalent,5.705434,6.837132,0.10115021,1,x0874,0.36146020889282227,281.8575744628906
c1cc2c(cc1C(=O)[O-])[NH+]=C(c3cc(ccc3S2)Cl)NC(=O)CCl,AVI-UNI-a66-2,x1382,-4.739315,active-covalent,6.665181,8.459894,0.14765458,3,"x0678,x1382,x1093",0.508633017539978,266.0704345703125
Cc1ccnc2c1[nH]c(n2)CC3CCN(CC3)C(=O)CCl,WAR-XCH-b03-3,x1493,-4.711391,active-covalent,2.96599,3.5077524,0.022541817,4,"x0734,x0820,x1458,x0774",0.6066269874572754,231.36386108398438
c1ccc(cc1)CC[C@H](c2cccc(c2)Cl)[NH+]3CCN(CC3)C(=O)CCl,PAU-WEI-b9b-1,x0104,-4.709893,active-noncovalent,12.982645,13.668069,0.053227168,0,,0.09279248118400574,299.71710205078125
CC(=O)NCCc1c[nH]c2c1cccc2CNC(=O)CCl,DUN-NEW-f8c-21,x0072,-4.685959,active-noncovalent,9.355948,10.990979,0.09238609,2,"x0072,x0395",0.2686537504196167,234.33404541015625
C=CS(=O)(=O)[N@]1CCC[C@@H](C1)C#C,TOB-UNK-c2a-6,x1386,-4.665012,active-covalent,5.269983,6.5659914,0.08796476,16,"x0770,x1392,x0692,x0759,x0831,x1386,x0830,x1418,x0774,x1412,x0708,x1334,x1385,x0736,x0749,x0705",0.24663373827934265,151.15257263183594
Cc1cc(ccc1[C@@H](C(=O)OC)NS(=O)(=O)NS(=O)(=O)N)C[NH+]2CCN(CC2)C(=O)CCl,MAK-UNK-af8-14,x0104,-4.634429,active-noncovalent,8.259933,9.110429,0.02935765,0,,0.15803612768650055,353.03070068359375
CNS(=O)(=O)c1ccc(c(c1)[C@H]2CN(Cc3c2cccc3)C(=O)CCl)C#N,TAM-UNI-d1c-10,x0692,-4.629535,active-covalent,3.00688,3.3568199,0.012823462,3,"x0830,x0692,x0831",0.20082888007164001,295.9205322265625
Cc1cccc(c1C(=O)N2CCC(CC2)O)C[NH+]3CCN(CC3)C(=O)CCl,MAK-UNK-e4a-26,x0387,-4.612614,active-noncovalent,6.0135765,7.2339354,0.06851953,0,,0.44170910120010376,303.0223083496094
CS(=O)(=O)[N@@](C[C@H]1CC[N@]2c3cc(ccc3CC[C@@H]2C1)S(=O)(=O)N)C4=CCC(=C4NC(=O)CCl)[C@@H]([NH+]5CCSCC5)O,STE-NAN-baf-3,x0072,-4.596193,active-noncovalent,8.875247,10.022907,0.106157295,0,,0.3414911925792694,467.98486328125
c1cc(cc(c1)C[NH+]2CCN(CC2)C(=O)CCl)CNC(=O)N3CCOCC3,TAM-UNI-d1c-12,x0692,-4.588231,active-covalent,6.917228,7.456364,0.038197227,2,"x0830,x1392",0.43605852127075195,302.3314514160156
Cc1cccc(c1)[C@H](c2ccc(s2)Cl)[NH+]3CCN(CC3)C(=O)CCl,SIM-SYN-f15-2,x1334,-4.558472,active-covalent,3.0008795,3.3606083,0.013987291,4,"x1334,x1385,x1412,x1392",0.4705968201160431,284.3602600097656
C=CS(=O)(=O)N1CC[NH+](CC1)CC#C,TOB-UNK-c2a-3,x1386,-4.556074,active-covalent,6.6543245,7.6477056,0.08169898,14,"x0831,x0830,x0692,x0770,x1386,x1418,x1392,x0759,x0708,x1334,x1385,x0774,x1412,x0736",0.25646162033081055,162.98764038085938
CCCNc1cc(c(cc1N(CC)CC)NC(=O)C=C)Nc2nccc(n2)C(=O)N,STE-LAU-a2c-2,x0072,-4.520107,active-noncovalent,4.7372656,6.17799,0.06266054,0,,0.32262861728668213,326.15283203125
c1cc(c(cc1C#N)C[NH+]2CCN(CC2)C(=O)CCl)CNC(=O)N3CCOCC3,DAR-DIA-fb2-16,x0305,-4.520052,active-noncovalent,9.043368,9.368492,0.04457305,0,,0.4166368246078491,318.9419860839844
CC(=O)Nc1cc(cc(c1)C#N)C[NH+]2CCN(CC2)C(=O)CCl,TAM-UNI-d1c-16,x0692,-4.514347,active-covalent,3.169239,3.533654,0.03962585,9,"x0830,x0692,x0831,x0770,x1386,x1418,x1392,x0759,x0708",0.5019882917404175,257.0688171386719
C=CC(=O)N1CCC(CC1)[N@@H+](Cc2ccccc2C#N)C3CCC(CC3)O,WAR-XCH-72a-10,x1418,-4.496875,active-covalent,7.6897807,8.569868,0.026589824,1,x1392,0.4149448871612549,296.4898986816406
CC(=O)Nc1c(c(cs1)C#N)C[NH+]2CCN(CC2)C(=O)CCl,DAV-CRI-d1e-6,x1386,-4.480016,active-covalent,3.0433517,3.375388,0.014895977,9,"x0830,x0831,x0692,x0770,x1418,x1386,x0759,x1392,x0708",0.8309618830680847,252.26812744140625
CCNc1cc(c(cn1)C#N)C[NH+]2CCN(CC2)C(=O)CCl,DAV-CRI-d1e-2,x1418,-4.469190,active-covalent,3.0011492,3.4132035,0.020256836,8,"x0830,x0831,x0692,x0770,x1386,x1418,x1392,x0759",0.4866340160369873,246.4027862548828
CCN(CC)c1cc(c(cc1NCC[NH+](C)C)Nc2nccc(n2)C(=O)N)NC(=O)C=C,STE-LAU-a2c-3,x0072,-4.441552,active-noncovalent,3.3907995,5.016319,0.08693101,0,,0.44410210847854614,349.7950134277344
c1c2c(sc1N(C3CCC(CC3)O)C(=O)C4CCN(CC4)C(=O)CCl)CCCC2,WAR-XCH-bdd-27,x1334,-4.384601,active-covalent,3.012785,3.4888964,0.032754015,0,,0.43506133556365967,329.9949035644531
CN(CC(=O)N)C(=O)[C@@H]1[C@H](CCN1C(=O)CSC)NC(=O)Nc2ccc(cc2F)F,FAR-UNI-9a7-2,x1093,-4.340620,active-noncovalent,6.6457086,7.8649063,0.09046617,1,x1093,0.24129414558410645,322.1820983886719
c1c(c(cnc1NCO)C#N)C[NH+]2CCN(CC2)C(=O)CCl,DAV-CRI-d1e-3,x1386,-4.328671,active-covalent,3.1093354,3.6008892,0.03563653,10,"x0830,x0831,x0692,x0770,x1386,x1418,x0759,x0708,x1392,x0434",0.7686426639556885,242.6304473876953
C=CC(=O)N1C[C@@H]2CN(C[C@@H]2C1)S(=O)(=O)c3ccccc3c4ccc(cc4)Nc5ccc(cn5)C#N,JAN-GHE-bf4-4,x0692,-4.306818,active-covalent,2.927215,4.0950265,0.0756544,0,,0.43015044927597046,380.65936279296875
C[NH+](C)CCNc1cc(c(cc1N(C)C)NC(=O)C=C)Nc2nccc(n2)C(=O)N,STE-LAU-a2c-1,x0072,-4.297851,active-noncovalent,5.492148,6.4936647,0.050274402,0,,0.4777430593967438,325.0771789550781
Cc1cc(ccc1NCCNC[NH+]2CCC(CC2)O)C[NH+]3CCN(CC3)C(=O)CCl,MAK-UNK-e4a-18,x0387,-4.259506,active-noncovalent,4.9858546,6.353971,0.079328686,0,,0.2869718074798584,343.01910400390625
C[C@H](N)[NH2+][C@@H](CC(=O)N)C(=O)N[C@H]1CC[C@H](CN1C(=O)CCl)c2nc3c(cccc3s2)c4cccc(c4)S(=O)(=O)N,DAV-CRI-f9b-4,x0749,-4.245031,active-covalent,6.6292343,7.1923804,0.015877444,0,,0.7891961336135864,448.62823486328125
C=CC(=O)N1CCN(CC1)S(=O)(=O)c2c(cccc2F)OCCCNc3ccc(cn3)C#N,JAN-GHE-bf4-1,x0692,-4.243554,active-covalent,3.0942621,3.9827306,0.029714469,0,,0.3939550518989563,354.1338195800781
C[C@H](N)[NH2+][C@@H](CC(=O)N)C(=O)N[C@H]1CC[C@H](CN1C(=O)CCl)c2nc3c(cccc3s2)c4ccc(c(c4)S(=O)(=O)N)[O-],DAV-CRI-f9b-8,x0749,-4.235141,active-covalent,,,,0,,0.48141294717788696,455.0633850097656
C[C@H]1CC[C@@H]([C@H](C1)C[NH+]2CCN(CC2)C(=O)CCl)OCc3ccsc3,MAK-UNK-e4a-24,x0387,-4.163197,active-noncovalent,6.635682,7.171566,0.029175213,0,,0.1958085596561432,296.1081237792969
c1cc(ccc1C[C@H]2C[N@@H+](CCN2C(=O)CCl)Cc3ccc(s3)Cl)O,SEA-TRI-825-1,x0967,-4.143690,active-noncovalent,5.2852583,6.508517,0.06637208,1,x0967,0.34393537044525146,292.3531799316406
C=CC(=O)N1C[C@H]2C[NH+](C[C@H]2C1)C[C@H]3C=N[C@H]4[C@@H]3C=C(C=C4)C#N,JAN-GHE-bf4-12,x0692,-4.142497,active-covalent,6.8270435,7.3864927,0.04629368,3,"x0692,x0830,x0831",0.9426604509353638,261.9595031738281
CC(=O)NCCc1cn(c2c1ccc(c2)C[NH+]3CCN(CC3)C(=O)CCl)C,TAM-UNI-d1c-19,x1392,-4.142491,active-covalent,9.819097,10.771277,0.06737816,3,"x1392,x0830,x0692",0.35936006903648376,303.05389404296875
c1ccc(cc1)[C@@H]2CN([C@H](c3c2cccc3)c4cccc(c4)N5CCCC5=O)C(=O)CCl,DAV-CRI-8c8-1,x1392,-4.134730,active-covalent,3.0158825,3.4041817,0.024837438,1,x1392,0.31183719635009766,347.689208984375
Cc1ccc2c(c1)cc(cc2C[N@H+]3C[C@H](CN([C@@H](C3)Cc4ccncn4)C(=O)CCl)n5c(nnc5C)C)C,INS-INS-9c6-1,x0831,-4.119519,active-covalent,2.8936944,3.5102472,0.02134428,0,,0.4845203757286072,413.53326416015625
Cc1cccc(c1NC(=O)N[C@H](Cc2ccc(cc2)O)C(=O)N(CCCC(=O)N)CC[N@H+]3CCCN(C3)C(=O)CCl)CO,CHA-KIN-87c-2,x0967,-4.118788,active-noncovalent,7.8142476,8.633084,0.038886536,0,,0.6874095797538757,470.4395446777344
CCNc1cc(c(cn1)C#N)Nc2cscc2[C@@H]3CCC[C@@H]3C(=O)NC(=O)C=C,BEN-VAN-d2b-1,x0874,-4.091533,active-noncovalent,5.7761197,6.2437444,0.041132968,0,,0.779090166091919,317.4194030761719
c1cc(ccc1C[NH+]2CCN(CC2)C(=O)CCl)CS(=O)(=O)F,JIA-UNI-93b-1,x0770,-4.050922,active-covalent,3.1264627,3.6143622,0.027791353,9,"x0831,x0830,x0692,x0770,x0759,x1418,x1386,x1392,x0708",0.8225904703140259,250.9777374267578
c1cc(cnc1)C2(CCCCC2)[NH2+]C3CCN(CC3)C(=O)CCl,WAR-XCH-79d-5,x1493,-4.018666,active-covalent,11.168797,12.158348,0.07597558,3,"x0734,x0820,x1308",0.36557620763778687,260.1722412109375
c1cc2c(cc1S(=O)(=O)N)N[C@H](CC2)C[C@H](c3ccc(s3)Br)[NH+]4CCN(CC4)C(=O)CCl,PED-UNI-d0b-1,x0195,-3.988873,active-noncovalent,13.26764,13.4923525,0.05073818,0,,0.16550911962985992,375.256103515625
C[C@H](N)[NH2+][C@@H](CC(=O)N)C(=O)N[C@H]1CC[C@H](CN1C(=O)CCl)c2nc3cc(ccc3s2)Cc4cccc(c4)S(=O)(=O)N,DAV-CRI-f9b-10,x0749,-3.974461,active-covalent,6.584158,7.554089,0.06968411,0,,0.5894923210144043,462.2425537109375
CCNc1cc(c(cn1)C#N)Nc2c(csc2Cl)[C@@H]3CCC[C@@H]3C(=O)NC(=O)C=C,BEN-VAN-d2b-14,x0874,-3.959137,active-noncovalent,5.096035,5.6792564,0.044081997,0,,0.47666507959365845,331.1465148925781
Cc1[nH]c(=O)c(c(n1)C[NH+]2CCN(CC2)C(=O)CCl)NCc3cccc(c3)O,MAK-UNK-e4a-27,x0387,-3.938882,active-noncovalent,3.48966,4.3601294,0.03786095,0,,0.38523390889167786,305.6738586425781
c1ccc(cc1)[C@H]2c3ccccc3CN([C@@H]2[NH2+]Cc4cc(n(c4)S(=O)(=O)c5cccnc5)c6ccccc6F)C(=O)CCl,MAK-UNK-702-7,x0387,-3.934216,active-noncovalent,5.065918,6.3144145,0.09038323,0,,0.5735992193222046,463.9864807128906
C[C@H](N)[NH2+][C@@H](CC(=O)N)C(=O)N[C@H]1CC[C@H](CN1C(=O)CCl)c2nc3cc(ccc3s2)c4cccc(c4)S(=O)(=O)N,DAV-CRI-f9b-3,x0749,-3.928930,active-covalent,,,,0,,0.8319987058639526,448.1253967285156
c1cc(c(cc1Cl)C[NH+]2CCN(CC2)C(=O)CCl)CNC(=O)[C@@H]3CCCOC3,STU-CHA-7b3-1,x1249,-3.919082,active-noncovalent,5.4876575,6.1199045,0.049694132,1,x1249,0.2519851624965668,319.19781494140625
CC(=O)NCCc1c[nH]c2c1cccc2[C@@H](CCc3ccccc3)[NH+]4CCN(CC4)C(=O)CCl,PAU-WEI-b9b-7,x0104,-3.916099,active-noncovalent,7.628588,9.23595,0.09126083,0,,0.37422043085098267,376.6491394042969
Cc1ccc(cc1)OCCCC[C@H]2C(=O)C[C@@H](C[NH2+]2)c3cc(cc(c3)C[NH+]4CCN(CC4)C(=O)CCl)C,MAK-UNK-af8-33,x0104,-3.899983,active-noncovalent,12.217014,13.243754,0.092682436,0,,0.46126362681388855,418.66119384765625
Cc1cc(ccc1[C@@H](C(=O)NS(=O)(=O)N)O[C@H]2[C@@H](CO[C@H]([C@@H]2[NH2+]C)O)O)C[NH+]3CCN(CC3)C(=O)CCl,MAK-UNK-af8-16,x0104,-3.885993,active-noncovalent,9.400931,10.738531,0.060336925,0,,0.19383545219898224,404.1463317871094
CCOc1cc(c(cn1)C#N)Nc2cscc2[C@@H]3CCC[C@@H]3C(=O)NC(=O)C=C,BEN-VAN-d2b-9,x0874,-3.885869,active-noncovalent,5.12001,5.8085265,0.07031627,0,,0.44162508845329285,316.98516845703125
c1cscc1Cc2cnc(nc2N)C[NH+]3CCN(CC3)C(=O)CCl,MAK-UNK-e4a-22,x0387,-3.868979,active-noncovalent,4.7651706,5.1908007,0.049938902,0,,0.6229317784309387,272.4617919921875
CC(C)(C)NC(=O)[C@@H]1CN(CC[N@H+]1Cc2cccc(c2)Cl)C(=O)CCl,DAN-LON-a5f-7,x0770,-3.848757,active-covalent,2.9728398,3.3539324,0.008941372,9,"x0831,x0770,x0830,x0692,x0759,x1418,x1392,x1386,x0708",0.5316164493560791,291.6278381347656
Cc1[nH]c(=O)c(c(n1)C[NH+]2CCN(CC2)C(=O)CCl)CCCc3ccsc3,MAK-UNK-e4a-25,x0387,-3.830079,active-noncovalent,5.139781,6.4172583,0.0851001,0,,0.5583398938179016,309.40179443359375
c1cc(c(cc1C#N)[C@H](c2ccc(s2)Br)[NH+]3CCN(CC3)C(=O)CCl)CNC(=O)N4CCOCC4,PAU-WEI-f73-2,x0830,-3.817135,active-covalent,3.1254802,3.579068,0.012662606,0,,0.5021198987960815,402.90960693359375
C=CS(=O)(=O)N1CCN(CC1)c2ccc(cc2S(=O)(=O)N)[C@H]3c4ccccc4C(=O)N3,DR -UNK-640-3,x1093,-3.816393,active-noncovalent,7.56609,8.741426,0.05049407,1,x1093,0.5021451711654663,328.2515869140625
C=CS(=O)(=O)N1CCN(CC1)c2ccc(cc2S(=O)(=O)N)[C@H]3c4ccccc4C(=O)N3,DR -UNK-dd7-3,x1093,-3.816393,active-noncovalent,8.389114,8.897855,0.044422895,1,x1093,0.7834757566452026,328.2515869140625
c1cc(cc(c1)NC(=O)CCl)c2cc3c(s2)CCCC3,WAR-XCH-bdd-24,x1334,-3.808669,active-covalent,3.167811,3.6663487,0.019453995,4,"x1385,x1334,x1412,x1392",0.7254705429077148,231.26451110839844
C[C@@H]1CCC[C@@H](C1)[C@@H]2CN(CC[N@]2[C@@H]3CCCC[C@H]3[NH+]4CCOCC4)C(=O)CS,KAT-FAI-9b6-3,x0708,-3.808011,active-covalent,6.2380605,6.768196,0.037074093,1,x0830,0.5623815059661865,336.0892639160156
CN(C)C(=O)c1ccc(c(c1)C[NH+]2CCN(CC2)C(=O)CCl)CNS(=O)(=O)C,TAM-UNI-d1c-4,x0692,-3.725492,active-covalent,9.107819,10.042216,0.05441428,3,"x0830,x0692,x0831",0.6614490747451782,317.45770263671875
COc1cc(c(nc1)CNC(=O)N2CCOCC2)C[NH+]3CCN(CC3)C(=O)CCl,DAR-DIA-fb2-18,x0305,-3.715890,active-noncovalent,7.7177076,8.291723,0.062360134,0,,0.5616416931152344,318.44793701171875
c1cc(cc(c1)C#N)CCc2ccnc(c2)[C@@H]3CCCN(C3)C(=O)CCl,WAR-XCH-bdd-19,x1334,-3.700049,active-covalent,2.9522424,3.3245432,0.008092014,2,"x1334,x1385",0.21323636174201965,291.5284118652344
C=CC(=O)N1CCN(CC1)S(=O)(=O)c2ccccc2c3ccc(cc3)Nc4ccc(cn4)C#N,JAN-GHE-bf4-2,x0692,-3.641435,active-covalent,3.0005882,3.9645493,0.095841534,0,,0.3133552670478821,360.7626037597656
C1CCC(CC1)C#CC2(CCCCC2)[NH2+]C3CCN(CC3)C(=O)CCl,WAR-XCH-b03-7,x1458,-3.589585,active-covalent,2.8648307,3.3448427,0.0106882015,3,"x0774,x0734,x1412",0.4933949112892151,291.50604248046875
Cc1ccc(c(c1)S(=O)(=O)N2CCN(CC2)C(=O)CCl)C,WAR-XCH-79d-6,x1478,-3.587647,active-covalent,3.102138,3.599305,0.022821989,7,"x0774,x0705,x1358,x1412,x0736,x1392,x1458",0.22647371888160706,238.28944396972656
c1c(cnc(c1C[NH+]2CCN(CC2)C(=O)CCl)CNC(=O)N3CCOCC3)C#N,DAR-DIA-fb2-17,x0195,-3.553147,active-noncovalent,5.1929092,6.3173556,0.079380974,0,,0.22147640585899353,318.32958984375
C[C@](Cc1cccc(c1)C[NH+]2CCN(CC2)C(=O)CCl)(CO)COc3c[nH]c4c3cc(cc4)F,MAK-UNK-69e-1,x0104,-3.540390,active-noncovalent,8.222254,9.819401,0.15744495,0,,0.6065306663513184,376.25823974609375
C1CCN(CC1)C(=O)C2CCN(CC2)C(=O)CCl,VIR-GIT-7b3-2,x1380,-3.481020,active-covalent,3.2890604,3.7820938,0.03367203,8,"x1380,x0774,x0820,x1458,x0734,x1412,x1334,x1385",0.3909416198730469,208.1920928955078
c1cc(c(cc1Cl)C[NH+]2CCN(CC2)C(=O)CCl)CNS(=O)(=O)N3CCOCC3,STU-CHA-6d5-1,x1249,-3.463517,active-noncovalent,9.905239,10.607738,0.047340397,1,x1249,0.05479445308446884,327.1051330566406
c1ccc(cc1)C2(CCCCC2)[NH+]3CCN(CC3)C(=O)CCl,WAR-XCH-79d-7,x1478,-3.456313,active-covalent,2.9889765,3.490636,0.016651105,6,"x0774,x1458,x1380,x0820,x1358,x0705",0.5642712116241455,250.80111694335938
c1cc(cc(c1)Cl)C[N@H+]2CCN(C[C@@H]2c3ccc(cc3)Cl)C(=O)CCl,DAN-LON-a5f-6,x0770,-3.445186,active-covalent,8.519554,9.241642,0.030759966,8,"x0830,x0831,x1392,x0770,x0692,x0759,x1386,x1418",0.21445533633232117,290.7707824707031
C[C@@H](Cc1cc(c(cc1[C@H]2CN(CCO2)C(=O)C=C)F)F)Nc3ccc(cn3)C#N,BEN-VAN-77c-11,x0759,-3.423838,active-covalent,7.960715,8.939338,0.0578373,0,,0.5135868787765503,315.8504943847656
C[C@H](N)[NH2+][C@@H](CC(=O)N)C(=O)N[C@H]1CC[C@H](CN1C(=O)CCl)c2nc3cc(ccc3s2)c4ccc(c(c4)S(=O)(=O)N)[O-],DAV-CRI-f9b-7,x0749,-3.423652,active-covalent,7.082987,8.256178,0.06472014,0,,0.5884143710136414,455.0534973144531
CC(C)N(C)C(=O)C1CCN(CC1)C(=O)CCl,VIR-GIT-7b3-3,x1458,-3.390148,active-covalent,3.028666,3.4979036,0.037007198,21,"x1458,x0820,x0774,x0734,x1380,x1348,x1351,x1358,x1412,x1375,x1334,x0731,x0755,x0771,x1385,x1425,x0769,x1493,x1308,x1374,x1402",0.5536162853240967,200.73536682128906
C=CC(=O)N1C[C@@H]2CN(C[C@@H]2C1)S(=O)(=O)c3c(cccc3F)OCCCNc4ccc(cn4)C#N,JAN-GHE-bf4-3,x0305,-3.371951,active-noncovalent,3.6989918,5.5366473,0.11312448,0,,0.21723617613315582,374.3769226074219
c1cc(cc(c1)CSCC(=O)C[NH+]2CCC(CC2)O)C[NH+]3CCN(CC3)C(=O)CCl,MAK-UNK-e4a-7,x0692,-3.367372,active-covalent,3.1005611,3.530323,0.039175104,1,x0830,0.4177805781364441,349.8271789550781
C[C@@H](Cc1cc(ccc1[C@H]2CN(CCO2)C(=O)C=C)F)Nc3ccc(cn3)C#N,BEN-VAN-77c-10,x0759,-3.355216,active-covalent,6.93249,8.331517,0.07538538,0,,0.5400292873382568,309.6443176269531
c1ccc(cc1)[C@@H]2c3cc(ccc3[C@H](N(C2=O)C(=O)CCl)[C@H]4CS(=O)(=O)C[C@@H]4N5CCCC5=O)F,DAV-CRI-f47-4,x1392,-3.306824,active-covalent,2.9361322,3.3031352,0.024176588,0,,0.45449531078338623,375.84112548828125
C[C@@H]([C@@]1(C=C(C=C1c2ccccc2F)C[NH2+]C)S(=O)(=O)c3cccnc3)N(C)C(=O)C4CCN(CC4)C(=O)CCl,MAK-UNK-8fd-4,x0305,-3.253440,active-noncovalent,7.3411155,8.450836,0.07550643,0,,0.3561786711215973,437.24737548828125
C[C@@H](Cc1c(ccc(c1F)F)[C@H]2CN(CCO2)C(=O)C=C)Nc3ccc(cn3)C#N,BEN-VAN-77c-12,x0759,-3.237170,active-covalent,7.2637153,8.452271,0.0595948,0,,0.6633521318435669,315.9487609863281
c1cncc(c1C[N@@H+]2CCCN(CC2)C(=O)CCl)Nc3cc4c(s3)CCCC4,WAR-XCH-bdd-25,x1334,-3.233390,active-covalent,4.1645722,5.1474385,0.046726182,0,,0.4033132493495941,319.5946960449219
CNc1c(cnc(n1)C[NH+]2CCN(CC2)C(=O)CCl)c3ccsc3,MAK-UNK-e4a-23,x0387,-3.230167,active-noncovalent,3.2140603,3.8701286,0.03407196,0,,0.5958349108695984,272.6748352050781
Cn1ccc2c1c(ccc2)CCc3ccnc(c3)[C@@H]4CCCN(C4)C(=O)CCl,WAR-XCH-bdd-20,x1334,-3.216296,active-covalent,3.282521,3.758589,0.035820674,0,,0.1983042061328888,311.6553039550781
COCCNc1c(c(c(c(n1)F)C#N)Nc2cscc2[C@@H]3CCC[C@@H]3C(=O)NC(=O)C=C)F,BEN-VAN-d2b-11,x0874,-3.166244,active-noncovalent,3.5389967,4.4505067,0.105662316,0,,0.3352884352207184,351.9462585449219
c1cc(c(cc1C#N)C[NH+]2CCN(CC2)C(=O)CCl)CNC(=O)N3CCOCC3,TAM-UNI-d1c-1,x1392,-3.116615,active-covalent,3.1051133,3.9836578,0.043190073,0,,0.6313740015029907,319.83050537109375
CC(C)N(c1c(cccn1)S(=O)(=O)n2cc(cc2c3ccccc3F)C[NH2+]C)C(=O)C4CCN(CC4)C(=O)CCl,MAK-UNK-8fd-25,x0305,-3.104195,active-noncovalent,7.0016403,7.9509172,0.073283084,0,,0.4125772714614868,434.64739990234375
C[C@H](N)[NH2+][C@@H](CC(=O)N)C(=O)N[C@H]1CC[C@H](CN1C(=O)CCl)c2nc3cc(ccc3s2)Cc4ccc(cc4)S(=O)(=O)N,DAV-CRI-f9b-9,x0749,-3.083346,active-covalent,7.934186,8.468864,0.047595892,0,,0.5673086047172546,461.146484375
CC(=O)N[C@@H](Cc1ccc(cc1)O)C(=O)NCC[NH+]2CCN(CC2)C(=O)CCl,NIM-UNI-ed9-2,x0967,-3.080068,active-noncovalent,5.6396904,6.752238,0.10552867,0,,0.43505859375,311.563720703125
Cc1ccc2c(c1)[C@H](C(=O)N([C@@H]2[C@H]3CS(=O)(=O)C[C@@H]3N4CCCC4=O)C(=O)CCl)c5ccccc5,DAV-CRI-f47-6,x1392,-3.076247,active-covalent,2.9890683,3.278927,0.0077318046,0,,0.7743772268295288,377.7579345703125
c1ccc(cc1)[C@@H]2c3cc(ccc3[C@H](N(C2=O)C(=O)CCl)[C@H]4CS(=O)(=O)C[C@@H]4N5CCCC5=O)O,DAV-CRI-f47-5,x1392,-3.063451,active-covalent,,,,0,,0.3578612208366394,372.9139404296875
CC(=O)NCCCc1cn(c2c1ccc(c2)[C@H]3CN(Cc4c3cccc4)C(=O)CCl)C,TAM-UNI-d1c-11,x1392,-3.047361,active-covalent,3.266761,4.285223,0.07437277,0,,0.5535477995872498,343.6895751953125
CCNc1cc(c(cn1)C#N)Nc2c(csc2F)[C@@H]3CCC[C@@H]3C(=O)NC(=O)C=C,BEN-VAN-d2b-13,x0874,-2.854450,active-noncovalent,5.117492,5.746029,0.044397615,0,,0.3862701654434204,324.174072265625
COc1ccc(cc1)n2cc(nn2)C[NH+]3CCN(CC3)C(=O)CCl,ANT-STE-dbb-1,x1386,-2.789942,active-covalent,5.640046,5.8404927,0.045553964,8,"x0770,x0831,x0830,x0692,x1392,x0759,x1386,x1418",0.6769134998321533,262.6157531738281
C=CC(=O)N1CC(C1)NS(=O)(=O)c2c(cccc2F)OCCCNc3ccc(cn3)C#N,JAN-GHE-bf4-8,x0692,-2.647098,active-covalent,3.70641,4.47715,0.0435328,0,,0.48066070675849915,344.0610046386719
C[C@@H](c1ccc(c(c1)F)c2cc(cn2S(=O)(=O)c3cccnc3)C[NH2+]C)N(C)C(=O)C4CCN(CC4)C(=O)CCl,MAK-UNK-8fd-13,x0305,-2.646001,active-noncovalent,4.7146144,6.177862,0.08094225,0,,0.6784828305244446,439.65814208984375
c1cc(c(cc1Cl)C[NH+]2CCN(CC2)C(=O)CCl)CNC(=O)N3CCOCC3,STU-CHA-6ca-1,x1249,-2.579540,active-noncovalent,6.2927294,6.7305427,0.037287578,1,x1249,0.4201614558696747,315.9698486328125
CC(C)N(c1ccncc1S(=O)(=O)n2cc(cc2c3ccccc3F)C[NH2+]C)C(=O)C4CCN(CC4)C(=O)CCl,MAK-UNK-8fd-21,x0305,-2.502165,active-noncovalent,3.9197245,4.466458,0.025024086,0,,0.38969963788986206,436.00860595703125
c1ccc(c(c1)C[N@@H+](C2CCC(CC2)O)C3CCN(CC3)C(=O)CCl)C#N,WAR-XCH-72a-6,x1418,-2.492003,active-covalent,7.9962544,8.538525,0.04276098,8,"x1392,x0830,x0831,x0692,x0770,x0759,x1386,x1418",0.5789520144462585,303.3610534667969
Cc1ccc2c(c1)[C@H](C(=O)N([C@@H]2[C@H]3CS(=O)(=O)C[C@@H]3N4CCCC4=O)C(=O)CCl)c5ccc(cc5)O,DAV-CRI-f47-8,x1392,-2.329210,active-covalent,,,,0,,0.4875338077545166,385.847412109375
C[C@H](N)[NH2+][C@@H](CC(=O)N)C(=O)N[C@H]1CC[C@H](CN1C(=O)CCl)c2nc3cc(ccc3s2)c4ccc(cc4)S(=O)(=O)N,DAV-CRI-f9b-1,x0749,-2.319822,active-covalent,,,,0,,0.4824874997138977,447.8785400390625
C[C@H](Nc1cccnc1Cl)OCc2cc(ccc2F)[C@@H]3CN(CCO3)C(=O)C=C,BEN-VAN-77c-4,x0759,-2.302989,active-covalent,8.679101,9.385246,0.0510861,2,"x0830,x1392",0.29128187894821167,317.3562316894531
c1ccc(cc1)C[C@H]2C[N@@H+](CCN2C(=O)CCl)Cc3cccc(c3)Cl,DAN-LON-a5f-10,x0770,-2.224048,active-covalent,2.914128,3.3622694,0.016527928,5,"x0770,x0831,x0830,x0692,x1386",0.5619523525238037,289.06683349609375
CCC(=O)/N=C/C(=O)N(CC[NH+]1CCOCC1)Cc2c(ccs2)Br,JUA-UNI-bc0-3,x1382,-2.198053,active-covalent,,,,0,,0.35214996337890625,284.1853942871094
Cc1ncc(s1)C2(CCCCC2)[NH+]3CCN(CC3)C(=O)CCl,WAR-XCH-79d-9,x1478,-2.189257,active-covalent,2.946113,3.5023575,0.026866877,6,"x1380,x0820,x1458,x0774,x0705,x1358",0.5138869285583496,257.92449951171875
c1ccc(cc1)CCNS(=O)(=O)CC(=O)N[C@H](Cc2ccc(cc2)O)C(=O)NCC#CBr,MAK-UNK-c44-8,x0072,-2.181119,active-noncovalent,5.605107,6.343585,0.030471964,0,,0.11379961669445038,365.4402160644531
C1CN(CCC1[NH+]2CCN(CC2)C(=O)CCl)C(=O)CCl,WAR-XCH-b03-18,x1493,-2.098330,active-covalent,8.3478365,8.771611,0.042521454,12,"x1348,x0771,x0691,x1308,x0769,x0755,x1402,x0689,x0731,x1493,x1375,x0734",0.5302676558494568,234.8119354248047
Cc1ccc2c(c1)[C@H](CN([C@@H]2[C@H]3CS(=O)(=O)C[C@@H]3N4CCCC4=O)C(=O)CCl)c5ccccc5,DAV-CRI-f47-1,x1384,-2.095085,active-covalent,9.220733,10.038219,0.06704017,0,,0.11808954924345016,369.0346374511719
C[C@@H](C(=O)N)NC(=O)[C@@H]1[C@@H](CC1(F)F)c2cccc3c2CN([C@H]([C@H]3c4ccccc4)c5cc(ncn5)NC(=O)N)C(=O)CCl,INS-INS-abe-1,x1392,-2.085247,active-covalent,4.8662305,5.6181245,0.038608942,0,,0.3852379024028778,458.74847412109375
C[C@@H](C(=O)N)NC(=O)[C@@H]1[C@@H](CC1(F)F)c2cccc3c2CN([C@H]([C@H]3c4ccccc4)c5cc(ncn5)NC(=O)N)C(=O)CCl,INS-INS-9a4-1,x1392,-2.085247,active-covalent,3.2423563,3.8706746,0.050899405,0,,0.816102921962738,458.74847412109375
c1cc2c(cc1C(=O)N)Sc3ccc(cc3C(=[NH+]2)NC(=O)CCl)Cl,AVI-UNI-a66-3,x1382,-2.080060,active-covalent,3.047645,3.463392,0.018011302,0,,0.5875799655914307,266.255126953125
Cc1ccc(cc1)S(=O)(=O)NC2CCN(CC2)C(=O)CCl,WAR-XCH-79d-4,x1478,-2.043401,active-covalent,2.958253,3.3988738,0.015092734,5,"x0774,x0705,x1412,x0736,x0755",0.5365608334541321,238.93246459960938
C[C@@H](c1cccc(c1c2cc(cn2S(=O)(=O)c3cccnc3)C[NH2+]C)F)N(C)C(=O)C4CCN(CC4)C(=O)CCl,MAK-UNK-8fd-15,x0305,-1.952273,active-noncovalent,9.673618,10.970919,0.06409642,0,,0.13238070905208588,437.84417724609375
c1ccc(cc1)C[NH2+][C@@H]2CN(CC[C@H]2NC(=O)c3ccccc3)C(=O)CCl,SIM-SYN-7db-1,x0692,-1.935841,active-covalent,6.5559015,6.9368496,0.020581935,0,,0.4379899501800537,298.0392761230469
COC(=O)c1cccc(c1)NS(=O)(=O)CC(=O)Nc2cccc(c2)N3CCCC3=O,MAK-UNK-915-1,x1384,-1.811847,active-covalent,9.306401,9.957545,0.042733878,0,,0.5165149569511414,318.01983642578125
C=CS(=O)(=O)[N@]1CCC[C@@H](C1)c2cn(nn2)c3ccc4c(c3)nc[nH]4,TOB-UNK-c2a-7,x1386,-1.751881,active-covalent,6.896556,8.0490465,0.074821286,9,"x0770,x0830,x0831,x0692,x0759,x1392,x1386,x1418,x0708",0.5330169200897217,262.51910400390625
c1cc(ccc1CNC(=O)N2CCO[C@@H](C2)Cc3cc(ccc3Cl)S(=O)(=O)N4CCN(CC4)C(=O)CCl)C#N,PED-UNI-b79-2,x1249,-1.733013,active-noncovalent,3.165352,3.8238044,0.06139034,0,,0.2949686348438263,429.6686096191406
C[C@H](Nc1cccnc1Cl)OCc2cc(cc(c2F)F)[C@@H]3CN(CCO3)C(=O)C=C,BEN-VAN-77c-5,x0759,-1.698888,active-covalent,8.499125,9.28725,0.06443071,1,x0830,0.5090208053588867,324.3796691894531
c1ccc(cc1)[C@H]2CN([C@@H](c3c2cc(cc3)O)[C@H]4CS(=O)(=O)C[C@@H]4N5CCCC5=O)C(=O)CCl,DAV-CRI-f47-3,x1392,-1.680602,active-covalent,8.3879795,9.403325,0.050333172,0,,0.7035197615623474,364.16796875
Cc1cc(co1)c2cccc(c2)[C@@H]3c4cccc(c4CN([C@@H]3c5cc(ncn5)NC(=O)N)C(=O)CCl)C6CC(C6)(F)F,INS-INS-68e-1,x1392,-1.678821,active-covalent,,,,0,,0.5035492777824402,439.817138671875
CCC(=O)/N=C/C(=O)N(Cc1ccccc1)C[C@@H](c2cccs2)O,JUA-UNI-bc0-1,x1382,-1.635661,active-covalent,,,,2,"x1382,x0830",0.3340809643268585,268.2279052734375
C[C@H](Nc1cccnc1Cl)OCc2cc(c(cc2F)F)[C@@H]3CN(CCO3)C(=O)C=C,BEN-VAN-77c-6,x1478,-1.539723,active-covalent,2.8399787,3.4879656,0.015766654,0,,0.4156942367553711,323.9650573730469
COc1cccc(c1)n2cc(nn2)C[NH+]3CCN(CC3)C(=O)CCl,ANT-STE-dbb-2,x1386,-1.467141,active-covalent,3.6487942,5.0437684,0.08397972,5,"x0770,x0831,x0830,x0692,x0759",0.5040668249130249,263.16876220703125
C=CC(=O)N1CC(C1)NS(=O)(=O)c2ccccc2c3ccc(cc3)Nc4ccc(cn4)C#N,JAN-GHE-bf4-5,x0692,-1.451895,active-covalent,3.366229,4.374091,0.08519835,0,,0.27845752239227295,349.25372314453125
Cc1cc(nc(n1)NC2CCN(CC2)C(=O)CCl)C,GIA-UNK-a79-1,x1351,-1.436659,active-covalent,3.134098,3.5549982,0.01612868,7,"x1358,x1351,x1458,x1380,x0820,x0734,x0736",0.6113533973693848,215.1719512939453
c1cc(cc(c1)NC(=O)c2cnc(s2)Cc3ccsc3)C[NH+]4CCN(CC4)C(=O)CCl,MAK-UNK-e4a-8,x0692,-1.424988,active-covalent,3.0728447,3.7901454,0.05540571,3,"x0830,x0692,x0831",0.3852652907371521,354.4323425292969
CC(C)N(C=[S@@](=O)(c1cccnc1)n2cc(cc2c3ccccc3F)C[NH2+]C)C(=O)C4CCN(CC4)C(=O)CCl,MAK-UNK-8fd-20,x0305,-1.423294,active-noncovalent,5.1290727,5.725889,0.029954769,0,,0.2657542824745178,445.2283020019531
CC(=O)N[C@@H](Cc1ccc(cc1)O)C(=O)N[C@@H](c2ccccc2)[NH+]3CCN(CC3)C(=O)CCl,NIM-UNI-ed9-3,x0967,-1.408819,active-noncovalent,,,,0,,0.6212785840034485,361.4099426269531
Cn1ccc2c1c(ccc2)c3cc(ccn3)CCC4CCN(CC4)C(=O)CCl,WAR-XCH-bdd-22,x1334,-1.368689,active-covalent,6.16662,7.0502872,0.09827968,0,,0.7674434781074524,309.4920959472656
c1ccc2c(c1)c(nc(n2)c3cccnc3)[C@@H]4CCCN(C4)C(=O)CCl,WAR-XCH-bdd-16,x1334,-1.345714,active-covalent,3.0099287,3.6188319,0.037734605,0,,0.42291054129600525,282.2658996582031
CC(C)N(C(=O)C1CCN(CC1)C(=O)CCl)[C@@]2(C=C(C=C2c3ccccc3F)C[NH2+]C)S(=O)(=O)c4cccnc4,MAK-UNK-8fd-19,x0305,-1.215507,active-noncovalent,9.71799,10.381753,0.06658951,0,,0.3926335275173187,435.0589904785156
c1ccc2c(c1)c(nc(n2)c3cccnc3)C4CCN(CC4)C(=O)CCl,WAR-XCH-b03-19,x1458,-0.831118,active-covalent,3.1137896,3.5983236,0.022356912,1,x0774,0.6222310066223145,281.1822814941406
c1cncc(c1C[NH+]2CCN(CC2)C(=O)CCl)Nc3cc4c(s3)CCCC4,WAR-XCH-bdd-26,x1334,-0.827863,active-covalent,6.7313523,8.115368,0.08333759,0,,0.16583341360092163,308.8547668457031
C[C@H](Cc1ccccc1c2cc(cn2S(=O)(=O)c3cccnc3)C[NH2+]C)N(C)C(=O)C4CCN(CC4)C(=O)CCl,MAK-UNK-8fd-11,x0305,-0.753580,active-noncovalent,,,,0,,0.4927805960178375,443.0521545410156
C=CC(=O)NC1CN(C1)S(=O)(=O)c2ccccc2c3ccc(cc3)Nc4ccc(cn4)C#N,JAN-GHE-bf4-6,x0692,-0.717830,active-covalent,6.8181286,7.385705,0.032783844,0,,0.3296067714691162,350.62567138671875
C=CS(=O)(=O)N1CC[NH+](CC1)Cc2cn(nn2)c3ccc4c(c3)nc[nH]4,TOB-UNK-c2a-5,x1386,-0.714680,active-covalent,6.4834175,7.7240963,0.05217248,8,"x0770,x0831,x0830,x0692,x0759,x1392,x1386,x1418",0.492614209651947,272.1866149902344
c1ccc(cc1)[C@H]2CN(Cc3c2ccc(c3)NCc4cc(n(c4)S(=O)(=O)c5cccnc5)c6ccccc6F)C(=O)CCl,MAK-UNK-702-9,x0387,-0.669664,active-noncovalent,3.4746387,4.5011554,0.09990222,0,,0.36443984508514404,464.58648681640625
c1ccc(cc1)[C@H]2CN(Cc3c2c(ccc3)NCc4cc(n(c4)S(=O)(=O)c5cccnc5)c6ccccc6F)C(=O)CCl,MAK-UNK-702-11,x0387,-0.525374,active-noncovalent,6.999794,8.071104,0.10385957,0,,0.7127817869186401,463.56060791015625
C=CC(=O)NC1CN(C1)S(=O)(=O)c2c(cccc2F)OCCCNc3ccc(cn3)C#N,JAN-GHE-bf4-7,x0305,-0.409975,active-noncovalent,9.70817,10.464115,0.045711126,0,,0.6057759523391724,343.95355224609375
CC(C)N(c1ccc(c(c1)c2cc(cn2S(=O)(=O)c3cccnc3)C[NH2+]C)F)C(=O)C4CCN(CC4)C(=O)CCl,MAK-UNK-8fd-30,x0305,-0.370065,active-noncovalent,10.625736,11.488822,0.04882044,0,,0.2560393512248993,440.5881652832031
c1c2c(sc1N(C3CCC(CC3)O)C4CCN(CC4)C(=O)CCl)CCCC2,WAR-XCH-bdd-32,x1334,-0.314765,active-covalent,3.7157104,4.691681,0.058983855,0,,0.36326053738594055,312.0912170410156
Cc1ccc(cc1)N([C@H](c2ccc(cc2)O)C(=O)NC3CCCCC3)C(=O)[C@@H]4C(S(=O)(=O)[C@@H]5N4C(=O)C5)(C)C,FAR-UNI-956-1,x0759,-0.313162,active-covalent,,,,0,,0.530719518661499,416.02606201171875
C[C@H](Cc1cc(n(c1)S(=O)(=O)c2cccnc2)c3ccccc3F)[C@H](C)N(C)C(=O)C4CCN(CC4)C(=O)CCl,MAK-UNK-8fd-2,x0305,-0.236167,active-noncovalent,6.914778,7.55471,0.07797075,0,,0.6533528566360474,440.81414794921875
CC(C)N(c1cccc(c1F)c2cc(cn2S(=O)(=O)c3cccnc3)C[NH2+]C)C(=O)C4CCN(CC4)C(=O)CCl,MAK-UNK-8fd-27,x0305,-0.202656,active-noncovalent,10.666473,11.149717,0.053181347,0,,0.4271909296512604,439.7554931640625
C[C@@H](c1ccncc1S(=O)(=O)n2cc(cc2c3ccccc3F)C[NH2+]C)N(C)C(=O)C4CCN(CC4)C(=O)CCl,MAK-UNK-8fd-6,x0305,-0.173815,active-noncovalent,10.914884,11.713291,0.05105082,0,,0.33955758810043335,437.6507568359375
C[C@@H](c1ccc(cn1)S(=O)(=O)n2cc(cc2c3ccccc3F)C[NH2+]C)N(C)C(=O)C4CCN(CC4)C(=O)CCl,MAK-UNK-8fd-8,x0305,-0.056872,active-noncovalent,4.497823,5.390909,0.05191065,0,,0.3227005898952484,439.5389709472656
CC(C)[N@@H+](C)[C@@H](/C=N/Cc1cc(n(c1)S(=O)(=O)c2cccnc2)c3ccccc3F)C4CCN(CC4)C(=O)CCl,MAK-UNK-8fd-39,x0305,-0.024756,active-noncovalent,10.076428,11.33152,0.06227997,0,,0.2696911692619324,443.7815856933594
Cc1ccc2cc(cc(c2c1)N([C@H]3CCS(=O)(=O)C3)C(=O)CCl)c4c(cc[nH]4)C(=O)c5ccc(c(c5)Cl)C,INS-INS-8db-1,x1311,-0.011295,active-covalent,2.954845,3.4884691,0.05020786,0,,0.5787297487258911,417.0462341308594
c1ccc2c(c1)cccc2Cc3ccc(s3)S(=O)(=O)N4CCN(CC4)C(=O)CCl,MAK-UNK-e05-8,x1402,0.017614,active-covalent,7.1438103,7.735773,0.05480659,7,"x0755,x0731,x0769,x0771,x0691,x1308,x1402",0.29159075021743774,324.3500671386719
CN(CC(=O)[C@H]1CCCN1C(=O)c2ccccc2)C(=O)CCl,GIA-UNK-d2d-9,x0540,0.028600,active-noncovalent,3.8838768,5.6437044,0.13268515,2,"x0540,x0426",0.053721629083156586,246.4300994873047
c1cc(ccc1CNC(=O)N2CCO[C@@H](C2)Cc3cc(ccc3Cl)S(=O)(=O)N4CCN(CC4)C(=O)CCl)N(=O)=O,PED-UNI-b79-1,x1249,0.091272,active-noncovalent,3.3390794,4.4018154,0.064315416,0,,0.38839590549468994,435.6393737792969
CC(C)N(Cc1ccccc1c2cc(cn2S(=O)(=O)c3cccnc3)C[NH2+]C)C(=O)C4CCN(CC4)C(=O)CCl,MAK-UNK-8fd-26,x0305,0.106145,active-noncovalent,11.613047,12.828982,0.12028417,0,,0.39559435844421387,442.7964172363281
c1ccc(cc1)[C@H]2CN(Cc3c2cc(cc3)NCc4cc(n(c4)S(=O)(=O)c5cccnc5)c6ccccc6F)C(=O)CCl,MAK-UNK-702-10,x0387,0.205776,active-noncovalent,6.688508,7.1968684,0.027784633,0,,0.38010257482528687,463.83642578125
C[C@@H](C[NH2+]Cc1cc(n(c1)S(=O)(=O)c2cccnc2)c3ccccc3F)N(C)C(=O)C4CCN(CC4)C(=O)CCl,MAK-UNK-8fd-1,x0305,0.267145,active-noncovalent,5.1968503,5.610857,0.028563475,0,,0.5830047726631165,438.9078063964844
C1CCC(CC1)C(=O)N2CCC[C@@H]2C(=O)CNC(=O)CCl,GIA-UNK-d2d-8,x0540,0.300617,active-noncovalent,4.4844637,5.290753,0.07203995,2,"x0540,x0426",0.2242530733346939,240.0240936279297
CC(C)N(c1cccc(c1c2cc(cn2S(=O)(=O)c3cccnc3)C[NH2+]C)F)C(=O)C4CCN(CC4)C(=O)CCl,MAK-UNK-8fd-31,x0305,0.410786,active-noncovalent,10.995717,12.000612,0.0738429,0,,0.3582494258880615,439.8148498535156
C[C@H](N)[NH2+][C@@H](CC(=O)N)C(=O)N[C@H]1CC[C@H](CN1C(=O)CCl)c2nc3cc(ccc3s2)c4ccc(c(c4)[O-])S(=O)(=O)N,DAV-CRI-f9b-5,x0749,0.436184,active-covalent,6.9295616,7.657088,0.025351997,0,,0.37047117948532104,455.4151306152344
CC(C)[C@@](C)(C(=O)C1CCN(CC1)C(=O)CCl)[NH2+]Cc2cc(n(c2)S(=O)(=O)c3cccnc3)c4ccccc4F,MAK-UNK-8fd-40,x0305,0.491287,active-noncovalent,10.303468,11.896247,0.18464006,0,,0.288938969373703,441.4975891113281
CC(C)N(C)C(=O)[C@H]1CCN([C@@H](C1)[NH2+]Cc2cc(n(c2)S(=O)(=O)c3cccnc3)c4ccccc4F)C(=O)CCl,MAK-UNK-8fd-36,x0305,0.688050,active-noncovalent,9.73175,10.519235,0.04730136,0,,0.21129533648490906,439.5075988769531
CC(C)N(C[NH2+]Cc1cc(n(c1)S(=O)(=O)c2cccnc2)c3ccccc3F)C(=O)C4CCN(CC4)C(=O)CCl,MAK-UNK-8fd-16,x0305,0.689232,active-noncovalent,3.394093,4.144868,0.074773215,0,,0.4323795437812805,439.4393005371094
c1ccc(cc1)C(=O)N2CCC[C@@H]2C(=O)CNC(=O)CCl,GIA-UNK-d2d-7,x0540,0.716351,active-noncovalent,3.6625376,4.5118604,0.045294493,2,"x0540,x0426",0.4593462347984314,233.01393127441406
C[C@@H](c1cc(cnc1)S(=O)(=O)n2cc(cc2c3ccccc3F)C[NH2+]C)N(C)C(=O)C4CCN(CC4)C(=O)CCl,MAK-UNK-8fd-7,x0305,0.717149,active-noncovalent,9.976438,11.118757,0.057446986,0,,0.3472544550895691,439.4624938964844
c1ccc(cc1)[C@@H]2CN([C@H](c3c2cccc3)[NH2+]Cc4cc(n(c4)S(=O)(=O)c5cccnc5)c6ccccc6F)C(=O)CCl,MAK-UNK-702-5,x0387,0.776862,active-noncovalent,3.5348964,4.7933173,0.07864636,0,,0.5636160373687744,463.7704772949219
C[C@@H](c1ccc(c(c1)c2cc(cn2S(=O)(=O)c3cccnc3)C[NH2+]C)F)N(C)C(=O)C4CCN(CC4)C(=O)CCl,MAK-UNK-8fd-14,x0305,0.793131,active-noncovalent,11.936661,13.439232,0.06449894,0,,0.6866210103034973,441.4608459472656
C[C@@H](c1cccc(c1)S(=O)(=O)n2cc(cc2c3ccccc3F)C[NH2+]C)N(C)C(=O)C4CCN(CC4)C(=O)CCl,MAK-UNK-8fd-9,x0305,0.831258,active-noncovalent,5.3395534,6.4501905,0.03839754,0,,0.2572247087955475,442.61285400390625
CC(C)N([C@@H](c1cc(n(c1)S(=O)(=O)c2cccnc2)c3ccccc3F)[NH2+]C)C(=O)C4CCN(CC4)C(=O)CCl,MAK-UNK-8fd-18,x0305,0.848668,active-noncovalent,10.553257,11.714482,0.09575532,0,,0.4366166591644287,438.1803283691406
C[C@@H](C=[S@@](=O)(c1cccnc1)n2cc(cc2c3ccccc3F)C[NH2+]C)N(C)C(=O)C4CCN(CC4)C(=O)CCl,MAK-UNK-8fd-5,x0305,0.916315,active-noncovalent,8.767566,10.677055,0.20866582,0,,0.3749721050262451,444.9045715332031
CC(C)N(c1ccc(c(c1)F)c2cc(cn2S(=O)(=O)c3cccnc3)C[NH2+]C)C(=O)C4CCN(CC4)C(=O)CCl,MAK-UNK-8fd-29,x0305,1.097454,active-noncovalent,11.889367,12.662061,0.045524262,0,,0.41017377376556396,441.49127197265625
CC(C)N(c1ccc(c(c1)F)c2cc(cn2S(=O)(=O)c3cccnc3)C[NH2+]C)C(=O)C4CCN(CC4)C(=O)CCl,MAK-UNK-8fd-28,x0305,1.097454,active-noncovalent,10.90755,11.266652,0.062731825,0,,0.25849470496177673,441.49127197265625
C[C@@H](c1c(cccn1)S(=O)(=O)n2cc(cc2c3ccccc3F)C[NH2+]C)N(C)C(=O)C4CCN(CC4)C(=O)CCl,MAK-UNK-8fd-10,x0305,1.316514,active-noncovalent,8.284362,9.010014,0.092899166,0,,0.29042428731918335,437.1565246582031
C[C@@H](c1cccc(c1F)c2cc(cn2S(=O)(=O)c3cccnc3)C[NH2+]C)N(C)C(=O)C4CCN(CC4)C(=O)CCl,MAK-UNK-8fd-12,x0305,1.335625,active-noncovalent,4.1807957,5.642197,0.06402706,0,,0.37053853273391724,438.8844909667969
c1ccc2c(c1)CN(C[C@@H]2c3ccc(cc3)NCc4cc(n(c4)S(=O)(=O)c5cccnc5)c6ccccc6F)C(=O)CCl,MAK-UNK-702-14,x0387,1.682573,active-noncovalent,8.421667,8.959159,0.033861216,0,,0.33611881732940674,464.21478271484375
C1CC=C(C(=C1)C#N)C2=NC(=[NH+][C@H]([C@@H]2C#N)O)SCC(=O)NC3=CCN=C[C@@H]3C(F)F,JON-UIO-cc9-8,x1382,1.878609,active-covalent,,,,0,,0.5986766815185547,328.7032165527344
CC(C)N(C)C(=O)C1(CCN(CC1)C(=O)CCl)[NH2+]Cc2cc(n(c2)S(=O)(=O)c3cccnc3)c4ccccc4F,MAK-UNK-8fd-38,x0305,2.017221,active-noncovalent,8.872144,10.792535,0.17529517,0,,0.5000186562538147,438.3069763183594
CC(C)N(C)C(=O)[C@@H]1CCN(C[C@H]1[NH2+]Cc2cc(n(c2)S(=O)(=O)c3cccnc3)c4ccccc4F)C(=O)CCl,MAK-UNK-8fd-37,x0305,2.352189,active-noncovalent,5.8031025,6.9639225,0.040865935,0,,0.24283656477928162,439.0119323730469
CC(C)N(c1cc(cnc1)S(=O)(=O)n2cc(cc2c3ccccc3F)C[NH2+]C)C(=O)C4CCN(CC4)C(=O)CCl,MAK-UNK-8fd-22,x0305,2.377596,active-noncovalent,13.688787,14.039154,0.07706845,0,,0.15748706459999084,440.01348876953125
C[C@H](Cc1cc(n(c1)S(=O)(=O)c2cccnc2)c3ccccc3F)N(C(C)C)C(=O)C4CCN(CC4)C(=O)CCl,MAK-UNK-8fd-17,x0305,2.419015,active-noncovalent,11.351929,12.607409,0.08010088,0,,0.21443678438663483,441.4645690917969
c1cc(cc(c1)C(F)(F)F)C(=O)c2ccsc2c3cc4c(c(c3)N([C@H]5CCS(=O)(=O)C5)C(=O)CCl)C(=O)NC4,INS-INS-a68-1,x1311,2.477818,active-covalent,3.067365,3.6095178,0.03567999,0,,0.3604767322540283,415.1246337890625
c1ccc(cc1)[C@H]2CN(Cc3c2cccc3NCc4cc(n(c4)S(=O)(=O)c5cccnc5)c6ccccc6F)C(=O)CCl,MAK-UNK-702-8,x0387,2.560536,active-noncovalent,9.227091,9.78693,0.06850791,0,,0.13166432082653046,462.94720458984375
CC(C)N(c1cccc(c1)S(=O)(=O)n2cc(cc2c3ccccc3F)C[NH2+]C)C(=O)C4CCN(CC4)C(=O)CCl,MAK-UNK-8fd-24,x0305,2.566427,active-noncovalent,10.171643,11.20385,0.06850633,0,,0.691165566444397,442.6743469238281
CC(C)([NH2+]Cc1cc(n(c1)S(=O)(=O)c2cccnc2)c3ccccc3F)N(C)C(=O)C4CCN(CC4)C(=O)CCl,MAK-UNK-8fd-41,x0305,2.606719,active-noncovalent,3.2643433,3.9122283,0.05010096,0,,0.2863396406173706,439.2348327636719
C=CC(=O)Nc1cc(ccc1O)C(=O)NC[C@H](Cc2ccccc2)c3ccccn3,JUA-UNI-bc0-5,x1382,2.881295,active-covalent,,,,0,,0.2288590967655182,321.4890441894531
C=CC(=O)NCc1ccc(cc1)C(=O)N[C@H](CO)c2ccc(c(c2)F)Br,JUA-UNI-bc0-4,x1382,3.064626,active-covalent,8.133679,8.908057,0.038008966,1,x1093,0.570395290851593,290.7239990234375
C[C@@H]([C@H](c1cc(n(c1)S(=O)(=O)c2cccnc2)c3ccccc3F)[NH2+]C)N(C)C(=O)C4CCN(CC4)C(=O)CCl,MAK-UNK-8fd-3,x0305,3.172751,active-noncovalent,9.070623,10.379734,0.08227914,0,,0.5660824775695801,439.8280944824219
c1ccc2c(c1)CN(C[C@@H]2c3ccccc3NCc4cc(n(c4)S(=O)(=O)c5cccnc5)c6ccccc6F)C(=O)CCl,MAK-UNK-702-12,x0387,3.560473,active-noncovalent,8.475668,9.361605,0.049811162,0,,0.24890479445457458,464.3280029296875
c1ccc2c(c1)CN(C[C@@H]2c3ccccc3NCc4cc(n(c4)S(=O)(=O)c5cccnc5)c6ccccc6F)C(=O)CCl,MAK-UNK-702-16,x0387,3.560473,active-noncovalent,9.906961,10.246855,0.04959861,0,,0.612695574760437,464.3280029296875
CC(C)N(c1ccc(cn1)S(=O)(=O)n2cc(cc2c3ccccc3F)C[NH2+]C)C(=O)C4CCN(CC4)C(=O)CCl,MAK-UNK-8fd-23,x0305,3.987191,active-noncovalent,6.331222,8.378713,0.1131757,0,,0.6368889808654785,440.8999328613281
c1ccc(cc1)[C@@]2(CN(Cc3c2cccc3)C(=O)CCl)[NH2+]Cc4cc(n(c4)S(=O)(=O)c5cccnc5)c6ccccc6F,MAK-UNK-702-6,x0387,4.207771,active-noncovalent,4.207862,4.911997,0.02827743,0,,0.3092679977416992,464.369384765625
c1cc(cc(c1)C(F)(F)F)C(=O)c2ccsc2c3cc4c(c(c3)N([C@H]5CCS(=O)(=O)C5)C(=O)CCl)C[C@H](C4)C#N,INS-INS-bc9-1,x1311,4.534545,active-covalent,5.8676505,6.7187195,0.041165825,0,,0.6307523846626282,433.8254699707031
CC1(Cc2cc(cc(c2C1=O)N([C@H]3CCS(=O)(=O)C3)C(=O)CCl)c4ccnn4c5nnc6n5ccc(c6)C(=O)NC)C,INS-INS-7e2-1,x1311,5.337206,active-covalent,7.8160267,8.485408,0.047225058,0,,0.17901131510734558,444.9153747558594
CCCC(=O)c1ccsc1c2cc(cc(c2)N([C@H]3CCS(=O)(=O)C3)C(=O)CCl)c4ccc5c(c4C(C)C)CCO5,INS-INS-714-1,x1311,5.865649,active-covalent,2.8913655,3.2638247,0.008711922,0,,0.12544935941696167,450.7961730957031
Cc1cc(c2c(c1)c(c([nH]2)C)C)CNC(=O)c3ccc(cc3)CNC(=O)C=C,JUA-UNI-bc0-2,x1382,5.880832,active-covalent,9.674615,10.318517,0.051944595,1,x0830,0.2729209065437317,304.6748962402344
c1ccc2c(c1)CN(C[C@@H]2c3cccc(c3)NCc4cc(n(c4)S(=O)(=O)c5cccnc5)c6ccccc6F)C(=O)CCl,MAK-UNK-702-13,x0387,6.719999,active-noncovalent,5.1490207,5.458382,0.037798267,0,,0.274997353553772,465.1268005371094
c1ccc2c(c1)CN(C[C@@H]2c3cccc(c3)NCc4cc(n(c4)S(=O)(=O)c5cccnc5)c6ccccc6F)C(=O)CCl,MAK-UNK-702-15,x0387,6.719999,active-noncovalent,3.3906624,3.7495368,0.021587541,0,,0.580392599105835,465.1268005371094
c1cc2cc(c(cc2c(c1)S(=O)(=O)N3CC[NH+](CC3)Cc4ccc(s4)S(=O)(=O)N5CCN(CC5)C(=O)CCl)Cc6cccs6)CCc7ccc(s7)Cl,MAK-UNK-e05-1,x1402,6.889365,active-covalent,7.1930847,8.361605,0.07583941,0,,0.7020465731620789,591.1248168945312
c1cc2cc(c(cc2c(c1)S(=O)(=O)N3CC[NH+](CC3)Cc4ccc(s4)S(=O)(=O)N5CCN(CC5)C(=O)CCl)Cc6ccsc6)Cc7ccc(s7)Cl,MAK-UNK-e05-3,x1402,6.921484,active-covalent,7.4183397,8.107939,0.050711054,0,,0.32327938079833984,578.5498657226562
c1cc2cc(c(cc2c(c1)S(=O)(=O)N3CC[NH+](CC3)Cc4ccc(s4)S(=O)(=O)N5CCN(CC5)C(=O)CCl)Cc6ccsc6)Cc7ccc(s7)Cl,MAK-UNK-e05-4,x1402,6.921484,active-covalent,6.7951922,7.9130144,0.118171446,0,,0.3792419731616974,578.5498657226562
Cc1cc(ccc1[C@H]2[C@@H]([C@H]([C@@H](O2)CO)OC[NH+]3CCC(CC3)O)O)C[NH+]4CCN(CC4)C(=O)CCl,MAK-UNK-e4a-19,x0692,8.078110,active-covalent,,,,0,,0.3628261089324951,389.4337463378906
c1cc2cc(c(cc2c(c1)S(=O)(=O)N3CC[NH+](CC3)Cc4ccc(s4)S(=O)(=O)N5CCN(CC5)C(=O)CCl)CCc6ccsc6)C[NH+]7CCN(CC7)c8ccc(s8)Cl,MAK-UNK-e05-5,x1402,8.088060,active-covalent,10.454042,10.918669,0.054850876,0,,0.31341367959976196,658.0206298828125
c1cc2cc(c(cc2c(c1)S(=O)(=O)N3CC[NH+](CC3)Cc4ccc(s4)S(=O)(=O)N5CCN(CC5)C(=O)CCl)CCc6ccsc6)C[NH+]7CCN(CC7)S(=O)(=O)c8ccc(s8)Cl,MAK-UNK-e05-7,x1402,8.814718,active-covalent,6.335342,7.5497775,0.101497196,0,,0.3744764029979706,688.8445434570312
c1cc2cc(c(cc2c(c1)S(=O)(=O)N3CC[NH+](CC3)Cc4ccc(s4)S(=O)(=O)N5CCN(CC5)C(=O)CCl)Cc6ccsc6)CCc7ccc(s7)Cl,MAK-UNK-e05-2,x1402,8.955384,active-covalent,10.60725,11.425968,0.027489495,0,,0.5598891973495483,591.0477294921875
c1cc2cc(c(cc2c(c1)S(=O)(=O)N3CC[NH+](CC3)Cc4ccc(s4)S(=O)(=O)N5CCN(CC5)C(=O)CCl)CCc6ccsc6)C[NH+]7CCN(CC7)S(=O)(=O)[C@H]8CC[C@@H](S8)Cl,MAK-UNK-e05-6,x1402,10.437064,active-covalent,8.248192,9.499756,0.10179653,0,,0.320699006319046,694.0526123046875
